dataset,experience,label,file,score,burst,old_shortlist,new_shortlist,previous_judge_pick,new_reason,expression,interaction,gesture
Botlierskop,all,hippopotamus,P9051536.JPG,2.124,13,True,True,False,Scene representative,0.027723029255867004,0.006617729552090168,0.01122159045189619
Botlierskop,all,hippopotamus,P9051535.JPG,2.023,13,True,True,True,Independent aesthetic nomination,0.024090198799967766,0.010353926569223404,0.010821221396327019
Botlierskop,all,hippopotamus,P9051533.JPG,1.922,13,True,True,False,Protected quality allocation,0.035465918481349945,0.0002814335748553276,0.013586310669779778
Botlierskop,all,hippopotamus,P9051537.JPG,1.884,13,True,True,False,Protected quality allocation,0.023789841681718826,0.008302781730890274,0.011418705806136131
Botlierskop,all,hippopotamus,P9051532.JPG,1.794,13,True,True,False,Protected quality allocation,0.035627540200948715,0.006844191811978817,0.015163534320890903
Botlierskop,all,hippopotamus,P9051549.JPG,1.753,13,True,True,False,Protected quality allocation,0.03298458829522133,0.0034402282908558846,0.006504281423985958
Botlierskop,all,hippopotamus,P9051523.JPG,1.728,13,True,True,False,Protected quality allocation,0.021699365228414536,0.0029616644605994225,0.009453723207116127
Botlierskop,all,hippopotamus,P9051531.JPG,1.703,13,True,True,False,Protected quality allocation,0.027077000588178635,-0.0013139517977833748,0.008901861496269703
Botlierskop,all,hippopotamus,P9051541.JPG,1.624,13,True,True,False,Protected quality allocation,0.03770751878619194,0.011922442354261875,0.011159882880747318
Botlierskop,all,hippopotamus,P9051539.JPG,1.609,13,True,True,False,Protected quality allocation,0.03199058771133423,0.009115681052207947,0.013295212760567665
Botlierskop,all,hippopotamus,P9051530.JPG,1.598,13,True,True,False,Protected quality allocation,0.02445487678050995,-0.002593143843114376,0.01148315705358982
Botlierskop,all,hippopotamus,P9051609.JPG,1.57,17,True,True,False,Protected quality allocation,0.024159647524356842,0.00837402418255806,-0.007314450107514858
Botlierskop,all,hippopotamus,P9051551.JPG,1.552,13,True,True,False,Protected quality allocation,0.03056924417614937,-0.009457511827349663,0.009188396856188774
Botlierskop,all,hippopotamus,P9051534.JPG,1.543,13,True,True,False,Protected quality allocation,0.035456106066703796,0.006247419398277998,0.01244714017957449
Botlierskop,all,hippopotamus,P9051538.JPG,1.538,13,True,True,False,Protected quality allocation,0.023956099525094032,0.011214316822588444,0.013094350695610046
Botlierskop,all,hippopotamus,P9051545.JPG,1.471,13,True,True,False,Protected quality allocation,0.036369260400533676,0.007990230806171894,0.011798109859228134
Botlierskop,all,hippopotamus,P9051544.JPG,1.459,13,True,True,False,Protected quality allocation,0.03295327350497246,0.009631330147385597,0.01067191082984209
Botlierskop,all,hippopotamus,P9051528.JPG,1.456,13,True,True,False,Protected quality allocation,0.02281929925084114,0.0024060700088739395,0.01102624461054802
Botlierskop,all,hippopotamus,P9051294.JPG,1.43,4,True,True,False,Scene representative,0.02463941089808941,-0.010074042715132236,0.0068768663331866264
Botlierskop,all,hippopotamus,P9051546.JPG,1.404,13,True,True,False,Protected quality allocation,0.024863582104444504,0.012999540194869041,0.007028911262750626
Botlierskop,all,hippopotamus,P9051521.JPG,1.391,13,True,True,False,Protected quality allocation,0.028703242540359497,-0.0022993935272097588,0.0060915714129805565
Botlierskop,all,hippopotamus,P9051451.JPG,1.389,12,True,True,True,Protected quality allocation,0.01789681427180767,0.016278058290481567,0.01734164170920849
Botlierskop,all,hippopotamus,P9051529.JPG,1.375,13,True,True,False,Protected quality allocation,0.021040968596935272,-0.001143030822277069,0.012890626676380634
Botlierskop,all,hippopotamus,P9051287.JPG,1.368,2,True,True,True,Independent distinctiveness nomination,0.02537493407726288,-0.011457988061010838,0.00511766504496336
Botlierskop,all,hippopotamus,P9051499.JPG,1.357,12,True,True,False,Protected quality allocation,0.026588954031467438,0.021256495267152786,0.009879892691969872
Botlierskop,all,hippopotamus,P9051542.JPG,1.355,13,True,True,False,Protected quality allocation,0.03522530198097229,0.015120829455554485,0.012667580507695675
Botlierskop,all,hippopotamus,P9051520.JPG,1.342,13,True,True,False,Protected quality allocation,0.025639021769165993,-0.0007463665679097176,0.005490291863679886
Botlierskop,all,hippopotamus,P9051525.JPG,1.277,13,True,True,False,Protected quality allocation,0.020814184099435806,0.006446924991905689,0.010966071859002113
Botlierskop,all,hippopotamus,P9051540.JPG,1.27,13,True,True,False,Protected quality allocation,0.03631589934229851,0.01336812973022461,0.012442085891962051
Botlierskop,all,hippopotamus,P9051377.JPG,1.268,9,True,True,False,Scene representative,0.023443106561899185,0.01417551189661026,0.01576182246208191
Botlierskop,all,hippopotamus,P9051558.JPG,1.246,13,True,True,False,Protected quality allocation,0.01800570823252201,-0.014080189168453217,-0.0010590050369501114
Botlierskop,all,hippopotamus,P9051547.JPG,1.242,13,True,True,False,Protected quality allocation,0.02948111854493618,0.0110579589381814,0.007555190473794937
Botlierskop,all,hippopotamus,P9051543.JPG,1.24,13,True,True,False,Protected quality allocation,0.03351376950740814,0.011835579760372639,0.013239527121186256
Botlierskop,all,hippopotamus,P9051556.JPG,1.212,13,True,True,False,Protected quality allocation,0.025318779051303864,-0.011253238655626774,0.0005834721960127354
Botlierskop,all,hippopotamus,P9051384.JPG,1.203,9,True,True,False,Protected quality allocation,0.026224685832858086,0.01689806580543518,0.01429663971066475
Botlierskop,all,hippopotamus,P9051522.JPG,1.202,13,True,True,False,Protected quality allocation,0.02055666223168373,-0.005966130644083023,0.002772933105006814
Botlierskop,all,hippopotamus,P9051557.JPG,1.198,13,True,True,False,Protected quality allocation,0.019998857751488686,-0.013323338702321053,-0.001039160881191492
Botlierskop,all,hippopotamus,P9051385.JPG,1.195,9,False,True,False,Burst quality alternative,0.02454053983092308,0.01853957772254944,0.015492655336856842
Botlierskop,all,hippopotamus,P9051288.JPG,1.163,2,False,False,False,,0.025011401623487473,-0.011203804984688759,0.007229422219097614
Botlierskop,all,hippopotamus,P9051526.JPG,1.122,13,True,True,False,Quality and visual coverage,0.025833969935774803,0.0023331698030233383,0.009035035036504269
Botlierskop,all,hippopotamus,P9051383.JPG,1.108,9,True,True,False,Burst quality alternative,0.02757982537150383,0.023419253528118134,0.013691367581486702
Botlierskop,all,hippopotamus,P9051438.JPG,1.102,12,True,True,False,Burst quality alternative,0.025003032758831978,0.01596330851316452,0.011372547596693039
Botlierskop,all,hippopotamus,P9051559.JPG,1.095,13,True,True,False,Quality and visual coverage,0.023236125707626343,-0.01239757053554058,-0.00041229836642742157
Botlierskop,all,hippopotamus,P9051387.JPG,1.083,9,True,True,False,Burst quality alternative,0.024565592408180237,0.012565226294100285,0.016934102401137352
Botlierskop,all,hippopotamus,P9051552.JPG,1.071,13,True,True,False,Moment representative,0.013302761130034924,-0.008778340183198452,0.0034001818858087063
Botlierskop,all,hippopotamus,P9051444.JPG,1.068,12,True,True,False,Burst quality alternative,0.01910075731575489,0.015140934847295284,0.011333762668073177
Botlierskop,all,hippopotamus,P9051286.JPG,1.062,2,True,False,False,,0.018471689894795418,-0.011367565020918846,0.0035950830206274986
Botlierskop,all,hippopotamus,P9051388.JPG,1.057,9,False,True,False,Burst quality alternative,0.024271616712212563,0.014613592065870762,0.01655104197561741
Botlierskop,all,hippopotamus,P9051380.JPG,1.054,9,True,False,False,,0.02513282001018524,0.014671970158815384,0.014160430058836937
Botlierskop,all,hippopotamus,P9051527.JPG,1.049,13,True,False,False,,0.022935079410672188,-0.0006096456199884415,0.010945247486233711
Botlierskop,all,hippopotamus,P9051595.JPG,1.047,16,True,True,True,Independent composition nomination,0.020032446831464767,-0.008838462643325329,-0.0032762764021754265
Botlierskop,all,hippopotamus,P9051502.JPG,1.036,12,True,True,False,Burst pose alternative,0.013766299933195114,-0.002686232328414917,0.001980775035917759
Botlierskop,all,hippopotamus,P9051548.JPG,1.033,13,True,False,False,,0.0347675159573555,0.009391862899065018,0.00367144588381052
Botlierskop,all,hippopotamus,P9051445.JPG,0.996,12,True,True,False,Burst quality alternative,0.021189484745264053,0.018367905169725418,0.014802535995841026
Botlierskop,all,hippopotamus,P9051498.JPG,0.995,12,True,True,False,Burst quality alternative,0.023244280368089676,0.014611897058784962,0.01503546629101038
Botlierskop,all,hippopotamus,P9051439.JPG,0.976,12,True,True,False,Burst quality alternative,0.020481497049331665,0.01569123938679695,0.015045959502458572
Botlierskop,all,hippopotamus,P9051318.JPG,0.975,7,True,True,False,Moment representative,0.032701410353183746,-0.006637623533606529,0.0046757981181144714
Botlierskop,all,hippopotamus,P9051420.JPG,0.963,10,True,True,False,Burst representative,0.0296013243496418,-0.007763607427477837,0.004040099214762449
Botlierskop,all,hippopotamus,P9051405.JPG,0.962,9,True,True,True,Burst pose alternative,0.027437876909971237,-0.007963844574987888,0.0016637062653899193
Botlierskop,all,hippopotamus,P9051389.JPG,0.958,9,True,True,True,Independent editorial nomination,0.024337388575077057,0.017947111278772354,0.01578058861196041
Botlierskop,all,hippopotamus,P9051456.JPG,0.954,12,True,True,False,Burst pose alternative,0.019414640963077545,0.015845924615859985,0.014319059439003468
Botlierskop,all,hippopotamus,P9051371.JPG,0.944,9,True,True,False,Quality and visual coverage,0.029248598963022232,0.005357593297958374,0.014326070435345173
Botlierskop,all,hippopotamus,P9051406.JPG,0.943,9,False,False,False,,0.029933109879493713,-0.0023616300895810127,0.004625645466148853
Botlierskop,all,hippopotamus,P9051448.JPG,0.928,12,True,True,False,Burst quality alternative,0.018915485590696335,0.015108734369277954,0.011713228188455105
Botlierskop,all,hippopotamus,P9051382.JPG,0.925,9,False,False,False,,0.02557561919093132,0.016535744071006775,0.01571791246533394
Botlierskop,all,hippopotamus,P9051399.JPG,0.914,9,True,True,False,Quality and visual coverage,0.028945613652467728,0.011810773983597755,0.0075153871439397335
Botlierskop,all,hippopotamus,P9051436.JPG,0.907,12,True,True,False,Burst pose alternative,0.02084231935441494,0.012397329322993755,0.014227895066142082
Botlierskop,all,hippopotamus,P9051449.JPG,0.9,12,True,True,False,Burst quality alternative,0.021389685571193695,0.016797954216599464,0.01479695737361908
Botlierskop,all,hippopotamus,P9051443.JPG,0.89,12,False,False,False,,0.0214999970048666,0.016181636601686478,0.013829318806529045
Botlierskop,all,hippopotamus,P9051442.JPG,0.89,12,True,True,False,Burst quality alternative,0.020047549158334732,0.01886015571653843,0.014201007783412933
Botlierskop,all,hippopotamus,P9051554.JPG,0.889,13,True,True,False,Moment representative,0.014320136979222298,-0.011604368686676025,1.0036397725343704e-05
Botlierskop,all,hippopotamus,P9051378.JPG,0.888,9,False,False,False,,0.025867046788334846,0.01259872317314148,0.014625328592956066
Botlierskop,all,hippopotamus,P9051379.JPG,0.882,9,False,False,False,,0.024529770016670227,0.01951565407216549,0.015879834070801735
Botlierskop,all,hippopotamus,P9051524.JPG,0.882,13,False,False,False,,0.015782224014401436,0.005289624445140362,0.011651014909148216
Botlierskop,all,hippopotamus,P9051381.JPG,0.878,9,False,False,False,,0.024496596306562424,0.013295084238052368,0.013456768356263638
Botlierskop,all,hippopotamus,P9051513.JPG,0.875,13,True,True,False,Moment representative,0.030100207775831223,-0.002858038991689682,0.008117295801639557
Botlierskop,all,hippopotamus,P9051501.JPG,0.875,12,True,True,False,Quality and visual coverage,0.015621744096279144,0.005082790274173021,0.0001918538473546505
Botlierskop,all,hippopotamus,P9051407.JPG,0.869,9,True,False,False,,0.020822636783123016,-0.005315640941262245,-0.0008736108429729939
Botlierskop,all,hippopotamus,P9051391.JPG,0.866,9,False,True,False,Burst alternative: gesture,0.026147348806262016,0.016237223520874977,0.017010578885674477
Botlierskop,all,hippopotamus,P9051419.JPG,0.862,10,False,True,False,Burst alternative: interaction,0.03533594682812691,-0.003979848697781563,0.004556015133857727
Botlierskop,all,hippopotamus,P9051553.JPG,0.862,13,True,True,False,Moment representative,0.010371780022978783,-0.006411761045455933,0.0011903923004865646
Botlierskop,all,hippopotamus,P9051454.JPG,0.845,12,True,True,False,Burst pose alternative,0.023854898288846016,0.01472616195678711,0.014081448316574097
Botlierskop,all,hippopotamus,P9051440.JPG,0.838,12,True,False,False,,0.020098067820072174,0.017122086137533188,0.01337501686066389
Botlierskop,all,hippopotamus,P9051295.JPG,0.836,4,False,False,False,,0.02129622921347618,-0.011365178972482681,0.003871002234518528
Botlierskop,all,hippopotamus,P9051283.JPG,0.834,0,True,True,True,Moment representative,-0.0001365714706480503,-0.02046181820333004,0.0019281457643955946
Botlierskop,all,hippopotamus,P9051450.JPG,0.824,12,False,False,False,,0.018369432538747787,0.012724271975457668,0.01680966094136238
Botlierskop,all,hippopotamus,P9051589.JPG,0.813,15,True,True,False,Moment representative,0.019323157146573067,0.004632566124200821,-0.007651908323168755
Botlierskop,all,hippopotamus,P9051447.JPG,0.803,12,False,False,False,,0.02233218029141426,0.0205728467553854,0.013488082215189934
Botlierskop,all,hippopotamus,P9051386.JPG,0.795,9,False,False,False,,0.023374389857053757,0.014757085591554642,0.014935153536498547
Botlierskop,all,hippopotamus,P9051430.JPG,0.795,12,True,True,False,Burst pose alternative,0.023734498769044876,0.021534141153097153,0.012797183357179165
Botlierskop,all,hippopotamus,P9051441.JPG,0.785,12,False,False,False,,0.021099494770169258,0.018466006964445114,0.012498278170824051
Botlierskop,all,hippopotamus,P9051550.JPG,0.769,13,True,True,False,Moment representative,0.02673904411494732,-0.002075732685625553,0.00415717251598835
Botlierskop,all,hippopotamus,P9051421.JPG,0.762,10,False,True,False,Burst quality alternative,0.03182728588581085,-0.007938350550830364,0.002167740371078253
Botlierskop,all,hippopotamus,P9051390.JPG,0.755,9,False,False,False,,0.02337745577096939,0.015194488689303398,0.016529325395822525
Botlierskop,all,hippopotamus,P9051452.JPG,0.745,12,False,False,False,,0.020609883591532707,0.01549067534506321,0.012528786435723305
Botlierskop,all,hippopotamus,P9051455.JPG,0.741,12,False,False,False,,0.021357670426368713,0.009649787098169327,0.014635658822953701
Botlierskop,all,hippopotamus,P9051514.JPG,0.739,13,True,True,False,Moment representative,0.02754402905702591,-0.004836004693061113,0.0070878248661756516
Botlierskop,all,hippopotamus,P9051416.JPG,0.737,10,True,False,False,,0.005769583862274885,-0.017434127628803253,-0.0005220721941441298
Botlierskop,all,hippopotamus,P9051457.JPG,0.725,12,False,False,False,,0.021701695397496223,0.012994257733225822,0.016258249059319496
Botlierskop,all,hippopotamus,P9051460.JPG,0.706,12,True,False,False,,0.018162965774536133,0.01735527068376541,0.013498354703187943
Botlierskop,all,hippopotamus,P9051296.JPG,0.702,4,False,False,False,,0.02431550994515419,-0.010002633556723595,0.002791196573525667
Botlierskop,all,hippopotamus,P9051336.JPG,0.694,8,True,True,False,Burst representative,0.004733883775770664,-0.013647292740643024,-0.0004062799271196127
Botlierskop,all,hippopotamus,P9051415.JPG,0.693,10,False,False,False,,0.008309242315590382,-0.015327446162700653,-0.00042887870222330093
Botlierskop,all,hippopotamus,P9051515.JPG,0.691,13,False,False,False,,0.024843676015734673,-0.0027819788083434105,0.006804237607866526
Botlierskop,all,hippopotamus,P9051555.JPG,0.684,13,False,False,False,,0.02126120775938034,-0.012687062844634056,-0.0007146820425987244
Botlierskop,all,hippopotamus,P9051400.JPG,0.684,9,False,False,False,,0.03068671002984047,0.012396598234772682,0.0035985661670565605
Botlierskop,all,hippopotamus,P9051423.JPG,0.668,11,True,True,True,Independent focus nomination,0.007849950343370438,-0.01224359218031168,0.0054346537217497826
Botlierskop,all,hippopotamus,P9051404.JPG,0.665,9,False,False,False,,0.031074218451976776,-8.390471339225769e-05,0.0014749933034181595
Botlierskop,all,hippopotamus,P9051414.JPG,0.663,10,True,True,False,Burst pose alternative,0.022737395018339157,-0.016845013946294785,0.0032644341699779034
Botlierskop,all,hippopotamus,P9051446.JPG,0.636,12,True,True,False,Burst pose alternative,0.020134439691901207,0.012968217954039574,0.015666693449020386
Botlierskop,all,hippopotamus,P9051453.JPG,0.622,12,False,False,False,,0.02576744556427002,0.01912788674235344,0.010894669219851494
Botlierskop,all,hippopotamus,P9051434.JPG,0.609,12,True,True,False,Burst pose alternative,0.02502525970339775,0.007884616032242775,0.014629267156124115
Botlierskop,all,hippopotamus,P9051401.JPG,0.608,9,False,True,False,Burst alternative: expression,0.03187639266252518,0.012563087977468967,0.0020717135630548
Botlierskop,all,hippopotamus,P9051289.JPG,0.592,2,True,True,False,Burst pose alternative,0.023308223113417625,-0.014804372563958168,0.0034899250604212284
Botlierskop,all,hippopotamus,P9051360.JPG,0.583,9,True,True,False,Burst pose alternative,0.016433658078312874,0.016495980322360992,0.010142315179109573
Botlierskop,all,hippopotamus,P9051435.JPG,0.583,12,False,False,False,,0.024906311184167862,0.006188088096678257,0.015688946470618248
Botlierskop,all,hippopotamus,P9051422.JPG,0.571,11,True,True,False,Moment representative,0.014889786019921303,-0.017529793083667755,0.004077793098986149
Botlierskop,all,hippopotamus,P9051437.JPG,0.566,12,False,False,False,,0.02439497783780098,0.009473800659179688,0.010560120455920696
Botlierskop,all,hippopotamus,P9051408.JPG,0.564,9,True,False,False,,0.015821639448404312,-0.007485570386052132,-0.001112714409828186
Botlierskop,all,hippopotamus,P9051516.JPG,0.537,13,False,False,False,,0.026212045922875404,0.0061304811388254166,0.008723950013518333
Botlierskop,all,hippopotamus,P9051458.JPG,0.529,12,False,False,False,,0.01637217216193676,0.0070892153307795525,0.013392915017902851
Botlierskop,all,hippopotamus,P9051497.JPG,0.519,12,True,False,False,,0.01660061813890934,0.01296363677829504,0.01185758225619793
Botlierskop,all,hippopotamus,P9051518.JPG,0.51,13,False,False,False,,0.02026720531284809,0.009543268010020256,0.012494108639657497
Botlierskop,all,hippopotamus,P9051334.JPG,0.51,8,False,False,False,,0.0019914451986551285,-0.017088305205106735,0.001741316867992282
Botlierskop,all,hippopotamus,P9051418.JPG,0.509,10,False,False,False,,0.029647480696439743,-0.00835943128913641,0.002299058251082897
Botlierskop,all,hippopotamus,P9051392.JPG,0.508,9,False,False,False,,0.024827223271131516,0.01642807014286518,0.014940600842237473
Botlierskop,all,hippopotamus,P9051500.JPG,0.503,12,True,True,False,Burst pose alternative,0.022581513971090317,0.0037133824080228806,-0.0036448976024985313
Botlierskop,all,hippopotamus,P9051517.JPG,0.49,13,False,False,False,,0.019868139177560806,0.00030991435050964355,0.012187953107059002
Botlierskop,all,hippopotamus,P9051393.JPG,0.484,9,False,False,False,,0.0224398635327816,0.01779305189847946,0.01450891513377428
Botlierskop,all,hippopotamus,P9051291.JPG,0.48,2,False,False,False,,0.019793566316366196,-0.012718749232590199,0.0035803625360131264
Botlierskop,all,hippopotamus,P9051398.JPG,0.479,9,False,False,False,,0.029010972008109093,0.013473370112478733,0.007449405267834663
Botlierskop,all,hippopotamus,P9051370.JPG,0.476,9,False,False,False,,0.027006473392248154,0.00698572164401412,0.01548864133656025
Botlierskop,all,hippopotamus,P9051293.JPG,0.474,3,True,True,False,Burst representative,0.009053805842995644,-0.015747960656881332,0.0007168834563344717
Botlierskop,all,hippopotamus,P9051417.JPG,0.462,10,False,False,False,,0.009710069745779037,-0.014583822339773178,0.0007615240756422281
Botlierskop,all,hippopotamus,P9051413.JPG,0.46,10,False,False,False,,0.01936187595129013,-0.01139213889837265,0.00303542148321867
Botlierskop,all,hippopotamus,P9051412.JPG,0.454,10,False,False,False,,0.024569422006607056,-0.014921491965651512,0.0036091352812945843
Botlierskop,all,hippopotamus,P9051409.JPG,0.451,9,False,True,False,Burst pose alternative,0.011891964823007584,-0.009122388437390327,0.0006194901652634144
Botlierskop,all,hippopotamus,P9051396.JPG,0.45,9,True,False,False,,0.015233173966407776,0.010254734195768833,0.010171600617468357
Botlierskop,all,hippopotamus,P9051290.JPG,0.45,2,False,False,False,,0.01999661512672901,-0.01227092556655407,0.0030632312409579754
Botlierskop,all,hippopotamus,P9051411.JPG,0.449,10,False,False,False,,0.024692505598068237,-0.018532322719693184,0.002017573919147253
Botlierskop,all,hippopotamus,P9051433.JPG,0.431,12,False,False,False,,0.025248389691114426,0.015834299847483635,0.016168955713510513
Botlierskop,all,hippopotamus,P9051410.JPG,0.419,10,False,False,False,,0.01667099818587303,-0.01976020261645317,0.0021217369940131903
Botlierskop,all,hippopotamus,P9051303.JPG,0.409,6,True,True,True,Moment representative,0.004357974510639906,-0.01944591850042343,0.005897453986108303
Botlierskop,all,hippopotamus,P9051397.JPG,0.367,9,False,False,False,,0.015374410897493362,0.009951058775186539,0.004998908378183842
Botlierskop,all,hippopotamus,P9051395.JPG,0.328,9,True,False,False,,0.013371406123042107,0.018448486924171448,0.010723796673119068
Botlierskop,all,hippopotamus,P9051461.JPG,0.285,12,False,False,False,,0.019777070730924606,0.020626064389944077,0.014965269714593887
Botlierskop,all,hippopotamus,P9051519.JPG,0.272,13,False,False,False,,0.01496054045855999,-0.002082647755742073,0.006134771276265383
Botlierskop,all,hippopotamus,P9051292.JPG,0.265,3,False,False,False,,0.009331382811069489,-0.01771182008087635,-0.0004227710887789726
Botlierskop,all,hippopotamus,P9051394.JPG,0.264,9,False,False,False,,0.02361306920647621,0.019438516348600388,0.014019569382071495
Botlierskop,all,hippopotamus,P9051429.JPG,0.264,12,False,False,False,,0.022311734035611153,0.018938280642032623,0.01213793270289898
Botlierskop,all,hippopotamus,P9051459.JPG,0.251,12,False,False,False,,0.0173199400305748,0.01089097186923027,0.014852640219032764
Botlierskop,all,hippopotamus,P9051369.JPG,0.246,9,False,False,False,,0.025820422917604446,0.0068891411647200584,0.014081204310059547
Botlierskop,all,hippopotamus,P9051496.JPG,0.238,12,False,True,False,Burst pose alternative,0.00887670274823904,0.014134835451841354,0.00643821619451046
Botlierskop,all,hippopotamus,P9051488.JPG,0.238,12,False,True,False,Burst alternative: interaction,0.014349602162837982,0.0249259565025568,0.0020441506057977676
Botlierskop,all,hippopotamus,P9051403.JPG,0.23,9,False,False,False,,0.031124945729970932,0.008087251335382462,0.00149247283115983
Botlierskop,all,hippopotamus,P9051486.JPG,0.222,12,False,False,False,,0.009275877848267555,0.020770590752363205,0.0032988213934004307
Botlierskop,all,hippopotamus,P9051467.JPG,0.219,12,False,False,False,,0.01619192212820053,0.01747857592999935,0.010771471075713634
Botlierskop,all,hippopotamus,P9051462.JPG,0.219,12,False,True,False,Burst alternative: gesture,0.0238715261220932,0.019175618886947632,0.0193033330142498
Botlierskop,all,hippopotamus,P9051483.JPG,0.209,12,True,False,False,,0.0069875940680503845,0.021181942895054817,0.005089844577014446
Botlierskop,all,hippopotamus,P9051484.JPG,0.166,12,False,False,False,,0.006583656184375286,0.021410539746284485,0.004677075892686844
Botlierskop,all,hippopotamus,P9051299.JPG,0.128,5,True,True,False,Moment representative,0.010042965412139893,-0.008635545149445534,0.0014712568372488022
Botlierskop,all,hippopotamus,P9051468.JPG,0.099,12,False,False,False,,0.01671953685581684,0.019523341208696365,0.010337311774492264
Botlierskop,all,hippopotamus,P9051466.JPG,0.089,12,False,False,False,,0.01731831766664982,0.017519939690828323,0.015235969796776772
Botlierskop,all,hippopotamus,P9051490.JPG,0.065,12,False,False,False,,0.007495262194424868,0.017341352999210358,0.005481506232172251
Botlierskop,all,hippopotamus,P9051463.JPG,0.061,12,False,False,False,,0.021181806921958923,0.018173858523368835,0.017389735206961632
Botlierskop,all,hippopotamus,P9051431.JPG,0.059,12,False,False,False,,0.023013871163129807,0.010612063109874725,0.01208432950079441
Botlierskop,all,hippopotamus,P9051472.JPG,0.046,12,False,False,False,,0.007486454676836729,0.020166905596852303,0.010140005499124527
Botlierskop,all,hippopotamus,P9051482.JPG,0.032,12,False,False,False,,0.004715991672128439,0.014586219564080238,0.006100327707827091
Botlierskop,all,hippopotamus,P9051464.JPG,0.029,12,False,False,False,,0.020898159593343735,0.017931165173649788,0.010476023890078068
Botlierskop,all,hippopotamus,P9051480.JPG,0.001,12,False,True,False,Burst pose alternative,0.006600070279091597,0.01618911512196064,0.003730981145054102
Botlierskop,all,hippopotamus,P9051471.JPG,-0.015,12,False,False,False,,0.0083751967176795,0.021774355322122574,0.006504944991320372
Botlierskop,all,hippopotamus,P9051489.JPG,-0.021,12,False,False,False,,0.008453809656202793,0.020085196942090988,0.002781178802251816
Botlierskop,all,hippopotamus,P9051469.JPG,-0.046,12,False,False,False,,0.01712215505540371,0.02175294980406761,0.009101193398237228
Botlierskop,all,hippopotamus,P9051491.JPG,-0.048,12,False,False,False,,0.008330466225743294,0.020440541207790375,0.0058151367120444775
Botlierskop,all,hippopotamus,P9051465.JPG,-0.069,12,False,False,False,,0.020323671400547028,0.0163484625518322,0.012089886702597141
Botlierskop,all,hippopotamus,P9051494.JPG,-0.083,12,False,False,False,,0.007732968311756849,0.017522454261779785,0.006913564167916775
Botlierskop,all,hippopotamus,P9051361.JPG,-0.09,9,False,True,False,Burst pose alternative,0.020084159448742867,0.024759184569120407,0.004931523464620113
Botlierskop,all,hippopotamus,P9051485.JPG,-0.098,12,False,False,False,,0.005240499507635832,0.019022690132260323,0.0029598246328532696
Botlierskop,all,hippopotamus,P9051487.JPG,-0.12,12,False,False,False,,0.005269396118819714,0.016877079382538795,0.006589273922145367
Botlierskop,all,hippopotamus,P9051566.JPG,-0.138,14,True,True,False,Exploration: visual novelty or signal uncertainty,0.03660181909799576,-0.0016421000473201275,0.0060179997235536575
Botlierskop,all,hippopotamus,P9051477.JPG,-0.173,12,False,False,False,,0.004243888426572084,0.015682460740208626,0.009748462587594986
Botlierskop,all,hippopotamus,P9051495.JPG,-0.182,12,False,False,False,,0.001521100290119648,0.012365281581878662,0.007260940503329039
Botlierskop,all,hippopotamus,P9051284.JPG,-0.248,1,True,True,False,Exploration: visual novelty or signal uncertainty,-0.011463163420557976,-0.039821889251470566,-0.009432554244995117
Botlierskop,all,hippopotamus,P9051493.JPG,-0.249,12,False,False,False,,0.004326529800891876,0.020599186420440674,0.006736018694937229
Botlierskop,all,hippopotamus,P9051470.JPG,-0.273,12,False,False,False,,0.014650264754891396,0.021608322858810425,0.006704473402351141
Botlierskop,all,hippopotamus,P9051476.JPG,-0.278,12,False,False,False,,0.007927916012704372,0.019373787567019463,0.005800347309559584
Botlierskop,all,hippopotamus,P9051492.JPG,-0.367,12,False,False,False,,0.0066534364596009254,0.019068466499447823,0.003943987190723419
Botlierskop,all,hippopotamus,P9051479.JPG,-0.437,12,False,False,False,,0.006680471822619438,0.02158801257610321,0.0048506115563213825
Botlierskop,all,hippopotamus,P9051475.JPG,-0.569,12,False,False,False,,0.004091263748705387,0.020206451416015625,0.00863944087177515
Botlierskop,all,hippopotamus,P9051478.JPG,-0.59,12,False,False,False,,0.004405203741043806,0.01688981056213379,0.006405490450561047
Botlierskop,all,hippopotamus,P9051473.JPG,-0.598,12,False,False,False,,0.008472569286823273,0.016518032178282738,0.006958044599741697
Botlierskop,all,hippopotamus,P9051474.JPG,-0.685,12,False,True,False,Burst pose alternative,0.009774666279554367,0.01870119757950306,0.007647363469004631
Botlierskop,all,hippopotamus,P9051359.JPG,-0.837,9,False,False,False,,0.02257804572582245,0.02424425445497036,0.004821598529815674
Botlierskop,all,hippopotamus,P9051481.JPG,-0.843,12,True,True,False,Burst pose alternative,0.022880591452121735,0.016689358279109,-0.00017064018175005913
Botlierskop,all,hippopotamus,P9051428.JPG,-1.223,12,False,False,False,,0.02124474197626114,0.02386629208922386,0.005746555980294943
Botlierskop,all,hippopotamus,P9051427.JPG,-2.547,12,True,True,False,Burst pose alternative,0.010854500345885754,0.020238559693098068,-0.000564210582524538
Botlierskop,all,hippopotamus,P9051402.JPG,-3.37,9,False,False,False,,0.008509167470037937,-0.0009283553808927536,-0.003097673412412405
Botlierskop,all,lion,P9050750.JPG,2.431,23,True,True,True,Scene representative,0.03845740854740143,0.003506224602460861,0.016167698428034782
Botlierskop,all,lion,P9050749.JPG,2.369,23,True,True,False,Protected quality allocation,0.03816961497068405,0.004815913271158934,0.016168158501386642
Botlierskop,all,lion,P9051009.JPG,2.255,42,True,True,True,Scene representative,0.03261401131749153,0.015030084177851677,0.022255990654230118
Botlierskop,all,lion,P9050732.JPG,1.852,22,True,True,False,Protected quality allocation,0.03691235929727554,0.003240128979086876,0.020888345316052437
Botlierskop,all,lion,P9050882.JPG,1.669,29,True,True,True,Scene representative,0.03138286620378494,-0.0029393527656793594,0.015601890161633492
Botlierskop,all,lion,P9051007.JPG,1.603,42,True,True,False,Protected quality allocation,0.027947263792157173,0.0225796140730381,0.03408127278089523
Botlierskop,all,lion,P9050834.JPG,1.565,28,True,True,False,Scene representative,0.03972271829843521,0.0028646811842918396,0.02308708243072033
Botlierskop,all,lion,P9050741.JPG,1.42,23,False,True,False,Protected quality allocation,0.03695114329457283,0.009145473130047321,0.012527141720056534
Botlierskop,all,lion,P9051095.JPG,1.341,47,True,True,True,Protected quality allocation,0.022943103685975075,0.014462696388363838,0.013295207172632217
Botlierskop,all,lion,P9050947.JPG,1.318,39,True,True,False,Protected quality allocation,0.03534192591905594,-0.009590528905391693,0.019815362989902496
Botlierskop,all,lion,P9050737.JPG,1.266,22,True,True,False,Protected quality allocation,0.037530381232500076,0.006568399257957935,0.011816492304205894
Botlierskop,all,lion,P9051024.JPG,1.228,42,True,True,False,Independent editorial nomination,0.032469868659973145,0.014188984408974648,0.02450794354081154
Botlierskop,all,lion,P9050915.JPG,1.221,34,True,True,False,Protected quality allocation,0.03685130178928375,-0.01614249311387539,0.022918930277228355
Botlierskop,all,lion,P9051003.JPG,1.179,42,False,True,False,Protected quality allocation,0.028598997741937637,0.017304185777902603,0.025344884023070335
Botlierskop,all,lion,P9050725.JPG,1.177,21,True,True,False,Protected quality allocation,0.03210054710507393,0.00021443329751491547,0.016285834833979607
Botlierskop,all,lion,P9050940.JPG,1.144,38,False,True,False,Protected quality allocation,0.03926047682762146,-0.008694341406226158,0.019307440146803856
Botlierskop,all,lion,P9051010.JPG,1.139,42,True,True,False,Protected quality allocation,0.026829741895198822,0.01806960254907608,0.03485916182398796
Botlierskop,all,lion,P9051001.JPG,1.134,42,True,True,False,Burst quality alternative,0.02716696634888649,0.018370099365711212,0.032271236181259155
Botlierskop,all,lion,P9050909.JPG,1.124,32,True,True,False,Moment representative,0.030956655740737915,-0.009717018343508244,0.015085099264979362
Botlierskop,all,lion,P9051038.JPG,1.104,43,True,True,True,Independent distinctiveness nomination,0.02803501859307289,0.0021778694353997707,0.016447478905320168
Botlierskop,all,lion,P9050740.JPG,1.083,23,False,False,False,,0.03424632549285889,0.008874432183802128,0.008072922937572002
Botlierskop,all,lion,P9050892.JPG,1.053,29,True,True,False,Burst pose alternative,0.03822510689496994,-0.0019661029800772667,0.014270900748670101
Botlierskop,all,lion,P9050885.JPG,1.024,29,False,True,False,Burst alternative: expression,0.040122296661138535,0.0026313522830605507,0.021029096096754074
Botlierskop,all,lion,P9051002.JPG,1.023,42,False,True,False,Burst quality alternative,0.03225036710500717,0.01828085258603096,0.025221554562449455
Botlierskop,all,lion,P9051011.JPG,0.997,42,False,False,False,,0.028814472258090973,0.019460780546069145,0.030970696359872818
Botlierskop,all,lion,P9051008.JPG,0.996,42,False,False,False,,0.02797522395849228,0.016044247895479202,0.031557321548461914
Botlierskop,all,lion,P9050886.JPG,0.993,29,False,False,False,,0.03902372717857361,0.00402345135807991,0.01711457595229149
Botlierskop,all,lion,P9051099.JPG,0.991,47,True,True,False,Burst quality alternative,0.026898588985204697,-0.008091697469353676,0.01954234391450882
Botlierskop,all,lion,P9050943.JPG,0.986,39,False,False,False,,0.03689245134592056,-0.01194049697369337,0.018055509775877
Botlierskop,all,lion,P9050903.JPG,0.958,31,False,False,False,,0.03375536948442459,-0.005119579844176769,0.017964057624340057
Botlierskop,all,lion,P9050912.JPG,0.936,33,True,False,False,,0.032196030020713806,-0.008618351072072983,0.01587866060435772
Botlierskop,all,lion,P9051004.JPG,0.92,42,False,False,False,,0.02562672644853592,0.017902221530675888,0.022203458473086357
Botlierskop,all,lion,P9050887.JPG,0.916,29,True,False,False,,0.033756356686353683,0.005088649690151215,0.0087007787078619
Botlierskop,all,lion,P9050935.JPG,0.908,37,True,True,False,Moment representative,0.028418969362974167,-0.029563095420598984,0.00988290086388588
Botlierskop,all,lion,P9050889.JPG,0.901,29,False,False,False,,0.035784762352705,-0.002169061452150345,0.013597150333225727
Botlierskop,all,lion,P9051005.JPG,0.891,42,False,False,False,,0.0250951386988163,0.01840299740433693,0.029620930552482605
Botlierskop,all,lion,P9051000.JPG,0.851,42,False,True,False,Burst alternative: expression,0.03588932752609253,0.01809925213456154,0.02779340371489525
Botlierskop,all,lion,P9051012.JPG,0.838,42,False,False,False,,0.02856653556227684,0.021555352956056595,0.02582019940018654
Botlierskop,all,lion,P9051013.JPG,0.781,42,True,False,False,,0.0276365727186203,0.01512652076780796,0.02462531439960003
Botlierskop,all,lion,P9051065.JPG,0.778,45,True,True,True,Independent focus nomination,0.015535100363194942,-0.02748725563287735,0.019539667293429375
Botlierskop,all,lion,P9051017.JPG,0.76,42,False,False,False,,0.02905144914984703,0.014683770015835762,0.02620553970336914
Botlierskop,all,lion,P9051016.JPG,0.755,42,False,False,False,,0.029275985434651375,0.014428689144551754,0.027234002947807312
Botlierskop,all,lion,P9050817.JPG,0.751,26,True,True,False,Independent composition nomination,0.018908316269516945,0.005101504735648632,0.010687893256545067
Botlierskop,all,lion,P9051048.JPG,0.738,44,True,True,False,Moment representative,0.019241970032453537,-0.01155673898756504,0.015313824638724327
Botlierskop,all,lion,P9051097.JPG,0.719,47,True,True,False,Burst quality alternative,0.027353817597031593,0.002430332824587822,0.013635911047458649
Botlierskop,all,lion,P9051019.JPG,0.706,42,True,False,False,,0.034458667039871216,0.015388219617307186,0.02421797253191471
Botlierskop,all,lion,P9050888.JPG,0.701,29,False,False,False,,0.0396314337849617,-0.002540143206715584,0.014724275097250938
Botlierskop,all,lion,P9051100.JPG,0.691,47,True,False,False,,0.02679777517914772,-0.010915983468294144,0.016611678525805473
Botlierskop,all,lion,P9051021.JPG,0.686,42,False,False,False,,0.0328994058072567,0.012201782315969467,0.027484126389026642
Botlierskop,all,lion,P9051006.JPG,0.679,42,False,False,False,,0.025491219013929367,0.015272298827767372,0.027645576745271683
Botlierskop,all,lion,P9050884.JPG,0.67,29,False,False,False,,0.034278810024261475,4.900433123111725e-05,0.02061380073428154
Botlierskop,all,lion,P9051018.JPG,0.666,42,False,False,False,,0.03409866243600845,0.01375516690313816,0.026662282645702362
Botlierskop,all,lion,P9051098.JPG,0.639,47,True,False,False,,0.023270756006240845,0.02240188792347908,0.011355418711900711
Botlierskop,all,lion,P9051020.JPG,0.631,42,False,True,False,Burst pose alternative,0.030742686241865158,0.01221113558858633,0.02700662799179554
Botlierskop,all,lion,P9051096.JPG,0.629,47,True,False,False,,0.02951137349009514,-0.006965227425098419,0.016672614961862564
Botlierskop,all,lion,P9050931.JPG,0.598,36,True,True,False,Moment representative,0.03230728954076767,-0.01975698210299015,0.015647772699594498
Botlierskop,all,lion,P9051087.JPG,0.597,47,True,True,False,Moment representative,0.02113249897956848,0.001429673284292221,0.008631602860987186
Botlierskop,all,lion,P9051102.JPG,0.578,47,True,True,False,Burst alternative: gesture,0.0217159204185009,0.003909444436430931,0.028847698122262955
Botlierskop,all,lion,P9051094.JPG,0.568,47,True,False,False,,0.016780376434326172,0.02086118794977665,0.008517526090145111
Botlierskop,all,lion,P9051030.JPG,0.565,42,False,False,False,,0.029307711869478226,0.005433546379208565,0.016406722366809845
Botlierskop,all,lion,P9050895.JPG,0.558,30,False,False,False,,0.03672104328870773,-0.007007548585534096,0.01973947510123253
Botlierskop,all,lion,P9051023.JPG,0.543,42,False,False,False,,0.031468722969293594,0.018967224285006523,0.0231185145676136
Botlierskop,all,lion,P9051029.JPG,0.53,42,True,True,False,Burst pose alternative,0.03146493434906006,0.006201989948749542,0.01549864187836647
Botlierskop,all,lion,P9051080.JPG,0.512,46,True,True,False,Moment representative,0.010956896468997002,-0.009043846279382706,0.01569254882633686
Botlierskop,all,lion,P9051026.JPG,0.488,42,False,False,False,,0.03195303678512573,-0.0017042504623532295,0.015461886301636696
Botlierskop,all,lion,P9051022.JPG,0.465,42,False,False,False,,0.027578391134738922,0.015829693526029587,0.029121585190296173
Botlierskop,all,lion,P9051027.JPG,0.46,42,True,True,False,Burst pose alternative,0.03443288058042526,0.0018712561577558517,0.017979353666305542
Botlierskop,all,lion,P9051101.JPG,0.457,47,False,True,False,Burst alternative: expression,0.029553227126598358,-0.01378717739135027,0.021991994231939316
Botlierskop,all,lion,P9051090.JPG,0.445,47,True,True,False,Moment representative,0.020244697108864784,0.008733948692679405,0.0018214299343526363
Botlierskop,all,lion,P9050829.JPG,0.428,27,True,False,False,,0.04712779074907303,-0.005249122157692909,0.014059259556233883
Botlierskop,all,lion,P9050721.JPG,0.409,21,True,False,False,,0.02284727618098259,-0.0024334434419870377,0.010063089430332184
Botlierskop,all,lion,P9050763.JPG,0.362,24,True,True,False,Burst representative,0.03311138600111008,-0.012945078313350677,0.01873644068837166
Botlierskop,all,lion,P9051014.JPG,0.354,42,False,False,False,,0.027346082031726837,0.016242600977420807,0.02474329248070717
Botlierskop,all,lion,P9051083.JPG,0.325,47,True,True,False,Burst pose alternative,0.01480770017951727,0.008016690611839294,0.006033814512193203
Botlierskop,all,lion,P9051025.JPG,0.291,42,False,False,False,,0.026368826627731323,0.018480904400348663,0.019605783745646477
Botlierskop,all,lion,P9051092.JPG,0.277,47,True,True,False,Burst pose alternative,0.02395389787852764,-0.006202643737196922,0.01927262730896473
Botlierskop,all,lion,P9051093.JPG,0.258,47,False,False,False,,0.027284640818834305,0.018802447244524956,0.0106618981808424
Botlierskop,all,lion,P9050997.JPG,0.187,41,True,False,False,,0.030834738165140152,0.010630058124661446,0.015020511113107204
Botlierskop,all,lion,P9051028.JPG,0.181,42,False,False,False,,0.03429347649216652,0.003179321065545082,0.01335088536143303
Botlierskop,all,lion,P9051088.JPG,0.155,47,False,False,False,,0.025138117372989655,-0.004060607403516769,0.012553171254694462
Botlierskop,all,lion,P9050714.JPG,0.104,20,True,True,False,Burst representative,0.017769956961274147,-0.021343965083360672,0.014173099771142006
Botlierskop,all,lion,P9051091.JPG,0.095,47,False,True,False,Burst alternative: interaction,0.020548857748508453,0.02881685271859169,-0.0008332766592502594
Botlierskop,all,lion,P9050919.JPG,0.083,35,True,False,False,,0.0234447680413723,-0.030374208465218544,0.012283574789762497
Botlierskop,all,lion,P9051031.JPG,0.077,42,False,False,False,,0.027620209380984306,0.015009275637567043,0.014459097757935524
Botlierskop,all,lion,P9051086.JPG,0.044,47,False,False,False,,0.01597127504646778,0.003372369334101677,0.01106230914592743
Botlierskop,all,lion,P9051015.JPG,-0.068,42,False,True,False,Burst pose alternative,0.023314490914344788,0.015810009092092514,0.0210809875279665
Botlierskop,all,lion,P9050993.JPG,-0.149,40,False,False,False,,0.028533628210425377,0.010474891401827335,0.01665472984313965
Botlierskop,all,lion,P9050797.JPG,-0.207,25,False,True,False,Burst representative,0.03707253187894821,-0.01862422749400139,0.008553480729460716
Botlierskop,all,lion,P9051084.JPG,-0.217,47,False,False,False,,0.006900421343743801,0.012436055578291416,0.008586544543504715
Botlierskop,all,lion,P9050801.JPG,-0.278,25,False,False,False,,0.036569882184267044,-0.01887049339711666,0.01036289893090725
Botlierskop,all,lion,P9050805.JPG,-0.35,25,False,True,False,Burst pose alternative,0.03733309358358383,-0.017590586096048355,0.009415061213076115
Botlierskop,all,lion,P9051089.JPG,-0.361,47,False,False,False,,0.01568656414747238,-0.0049291979521512985,0.011652889661490917
Botlierskop,all,lion,P9050711.JPG,-0.448,20,False,False,False,,0.010356860235333443,-0.024211734533309937,0.013679392635822296
Botlierskop,all,lion,P9051085.JPG,-0.731,47,False,False,False,,0.017140336334705353,0.013990113511681557,0.0028889882378280163
Botlierskop,all,lion,P9050761.JPG,-0.823,24,False,False,False,,0.03051132708787918,-0.013738936744630337,0.017483683302998543
Botlierskop,all,lion,P9050707.JPG,-1.595,19,True,True,True,Exploration: visual novelty or signal uncertainty,-0.004665320739150047,-0.007703304290771484,0.0016832547262310982
Botlierskop,all,lion,P9050705.JPG,-3.001,18,True,True,False,Exploration: visual novelty or signal uncertainty,-0.0113532654941082,-0.027193916961550713,0.001736147329211235
Buffelsdrift,01_Meerkat_safari,bontebok antelope,P9071873.JPG,1.812,3,True,True,True,All distinct frames fit,0.010628486052155495,-0.01479552872478962,-0.0038439854979515076
Buffelsdrift,01_Meerkat_safari,bontebok antelope,P9071867.JPG,1.509,2,True,True,False,All distinct frames fit,0.016236435621976852,-0.029149912297725677,0.0033729749266058207
Buffelsdrift,01_Meerkat_safari,bontebok antelope,P9071871.JPG,1.5,3,True,True,False,All distinct frames fit,0.012522093951702118,-0.008508341386914253,0.0002994183450937271
Buffelsdrift,01_Meerkat_safari,bontebok antelope,P9071872.JPG,0.996,3,True,True,False,All distinct frames fit,0.008747722022235394,-0.015624294057488441,-0.004085385240614414
Buffelsdrift,01_Meerkat_safari,bontebok antelope,P9071870.JPG,0.927,3,True,True,True,All distinct frames fit,0.014824729412794113,-0.0009510060772299767,0.005843942053616047
Buffelsdrift,01_Meerkat_safari,bontebok antelope,P9071869.JPG,0.893,3,True,True,False,All distinct frames fit,0.02428806945681572,-0.0010541649535298347,0.001228757668286562
Buffelsdrift,01_Meerkat_safari,bontebok antelope,P9071865.JPG,0.74,2,True,True,False,All distinct frames fit,0.020710576325654984,-0.029231326654553413,0.001719047548249364
Buffelsdrift,01_Meerkat_safari,bontebok antelope,P9071868.JPG,0.688,2,True,True,True,All distinct frames fit,0.014759081415832043,-0.028832383453845978,0.003928710240870714
Buffelsdrift,01_Meerkat_safari,bontebok antelope,P9071860.JPG,-0.177,0,True,True,True,All distinct frames fit,-0.014479395002126694,0.0003524739295244217,-0.00011975225061178207
Buffelsdrift,01_Meerkat_safari,bontebok antelope,P9071864.JPG,-0.178,1,True,True,False,All distinct frames fit,0.011369026266038418,-0.04055604711174965,-0.003006603801622987
Buffelsdrift,01_Meerkat_safari,bontebok antelope,P9071866.JPG,-0.826,2,True,True,False,All distinct frames fit,0.009949049912393093,-0.01796565018594265,0.006356247700750828
Buffelsdrift,01_Meerkat_safari,gemsbok oryx,P9071655.JPG,0.651,4,True,True,False,All distinct frames fit,-0.04170785844326019,-0.06130305677652359,-0.017503559589385986
Buffelsdrift,01_Meerkat_safari,meerkat,P9071407.JPG,2.011,22,True,True,False,Scene representative,0.03130112960934639,-0.015209171921014786,0.008867751806974411
Buffelsdrift,01_Meerkat_safari,meerkat,P9071834.JPG,1.939,33,True,True,True,Scene representative,0.03574173524975777,-0.013143666088581085,0.010608069598674774
Buffelsdrift,01_Meerkat_safari,meerkat,P9071351.JPG,1.674,18,True,True,True,Scene representative,0.03503107279539108,-0.020790528506040573,0.004369147587567568
Buffelsdrift,01_Meerkat_safari,meerkat,P9071298.JPG,1.659,13,True,True,False,Protected quality allocation,0.023080339655280113,-0.019698455929756165,0.014528193511068821
Buffelsdrift,01_Meerkat_safari,meerkat,P9071364.JPG,1.525,19,True,True,False,Protected quality allocation,0.03332287073135376,-0.021233730018138885,0.00882406160235405
Buffelsdrift,01_Meerkat_safari,meerkat,P9071411.JPG,1.473,23,True,True,False,Protected quality allocation,0.03113381750881672,-0.004479729570448399,0.020532626658678055
Buffelsdrift,01_Meerkat_safari,meerkat,P9071266.JPG,1.466,6,True,True,False,Protected quality allocation,0.014911754056811333,-0.017850361764431,0.012964781373739243
Buffelsdrift,01_Meerkat_safari,meerkat,P9071388.JPG,1.462,20,True,True,False,Protected quality allocation,0.03185712918639183,-0.0158671997487545,0.006232867017388344
Buffelsdrift,01_Meerkat_safari,meerkat,P9071277.JPG,1.231,9,True,True,False,Independent editorial nomination,0.039132408797740936,-0.02316064015030861,0.010463022626936436
Buffelsdrift,01_Meerkat_safari,meerkat,P9071300.JPG,1.219,13,True,False,False,,0.018073508515954018,-0.017300542443990707,0.008260451257228851
Buffelsdrift,01_Meerkat_safari,meerkat,P9071821.JPG,1.219,31,True,True,False,Burst representative,0.020991800352931023,-0.012141125276684761,0.009841104969382286
Buffelsdrift,01_Meerkat_safari,meerkat,P9071275.JPG,1.214,8,True,True,False,Independent distinctiveness nomination,0.02832644060254097,-0.015930427238345146,0.013550483621656895
Buffelsdrift,01_Meerkat_safari,meerkat,P9071399.JPG,1.196,21,True,True,True,Scene representative,0.03657418489456177,-0.016463175415992737,0.01351761445403099
Buffelsdrift,01_Meerkat_safari,meerkat,P9071332.JPG,1.17,16,True,True,False,Moment representative,0.03212843835353851,-0.013185229152441025,0.009667924605309963
Buffelsdrift,01_Meerkat_safari,meerkat,P9071428.JPG,1.16,24,True,True,True,Moment representative,0.02511182613670826,-0.004700260702520609,0.0031812144443392754
Buffelsdrift,01_Meerkat_safari,meerkat,P9071822.JPG,1.115,31,False,False,False,,0.026297815144062042,-0.008259769529104233,0.013035207986831665
Buffelsdrift,01_Meerkat_safari,meerkat,P9071835.JPG,1.061,33,False,True,False,Burst quality alternative,0.036839962005615234,-0.010059530846774578,0.010961704887449741
Buffelsdrift,01_Meerkat_safari,meerkat,P9071308.JPG,1.003,14,True,False,False,,0.016390152275562286,-0.013225482776761055,0.023558376356959343
Buffelsdrift,01_Meerkat_safari,meerkat,P9071355.JPG,0.965,18,False,False,False,,0.032192833721637726,-0.018903672695159912,0.004717251285910606
Buffelsdrift,01_Meerkat_safari,meerkat,P9071847.JPG,0.883,35,True,True,True,Moment representative,0.016522351652383804,-0.015355795621871948,0.015729671344161034
Buffelsdrift,01_Meerkat_safari,meerkat,P9071802.JPG,0.865,28,True,True,False,Scene representative,0.018410194665193558,-0.008697881363332272,0.019585585221648216
Buffelsdrift,01_Meerkat_safari,meerkat,P9071800.JPG,0.858,27,True,True,True,Burst representative,0.007451802957803011,-0.017909782007336617,0.010322371497750282
Buffelsdrift,01_Meerkat_safari,meerkat,P9071267.JPG,0.696,6,False,False,False,,0.016393188387155533,-0.019726993516087532,0.012884254567325115
Buffelsdrift,01_Meerkat_safari,meerkat,P9071269.JPG,0.686,7,True,False,False,,0.02257571741938591,-0.013878373429179192,0.011301273480057716
Buffelsdrift,01_Meerkat_safari,meerkat,P9071803.JPG,0.686,28,True,True,True,Burst alternative: expression,0.01986127719283104,-0.008888951502740383,0.015788564458489418
Buffelsdrift,01_Meerkat_safari,meerkat,P9071817.JPG,0.629,31,False,True,False,Burst alternative: expression,0.03293444216251373,-0.008255289867520332,0.013416108675301075
Buffelsdrift,01_Meerkat_safari,meerkat,P9071816.JPG,0.624,31,False,False,False,,0.02796267718076706,-0.013441217131912708,0.010300558991730213
Buffelsdrift,01_Meerkat_safari,meerkat,P9071832.JPG,0.617,33,True,True,False,Burst pose alternative,0.02660953998565674,-0.007418516557663679,0.012502692639827728
Buffelsdrift,01_Meerkat_safari,meerkat,P9071836.JPG,0.615,34,True,True,False,Burst representative,0.02897859551012516,-0.011264014057815075,0.013823946006596088
Buffelsdrift,01_Meerkat_safari,meerkat,P9071825.JPG,0.608,32,True,True,False,Burst representative,0.023691488429903984,-0.00644749216735363,0.013527711853384972
Buffelsdrift,01_Meerkat_safari,meerkat,P9071350.JPG,0.606,17,True,True,False,Moment representative,0.015295876190066338,-0.007284699939191341,0.014471126720309258
Buffelsdrift,01_Meerkat_safari,meerkat,P9071797.JPG,0.598,26,True,True,False,Independent focus nomination,0.022569429129362106,-0.011261357925832272,0.022984959185123444
Buffelsdrift,01_Meerkat_safari,meerkat,P9071287.JPG,0.595,11,True,False,False,,0.03610692173242569,-0.03157631307840347,0.012361977249383926
Buffelsdrift,01_Meerkat_safari,meerkat,P9071806.JPG,0.563,29,True,True,False,Burst representative,0.01740001142024994,-0.01524781621992588,0.017075082287192345
Buffelsdrift,01_Meerkat_safari,meerkat,P9071838.JPG,0.544,34,True,True,False,Burst pose alternative,0.023705853149294853,-0.008399996906518936,0.009997576475143433
Buffelsdrift,01_Meerkat_safari,meerkat,P9071818.JPG,0.536,31,False,True,False,Burst pose alternative,0.030548270791769028,-0.012201985344290733,0.012486228719353676
Buffelsdrift,01_Meerkat_safari,meerkat,P9071324.JPG,0.527,15,False,False,False,,0.023634282872080803,-0.016567682847380638,0.011792900040745735
Buffelsdrift,01_Meerkat_safari,meerkat,P9071827.JPG,0.524,33,False,False,False,,0.027996620163321495,-0.012207644060254097,0.010678797028958797
Buffelsdrift,01_Meerkat_safari,meerkat,P9071829.JPG,0.52,33,True,False,False,,0.02814600244164467,-0.00914398580789566,0.012553778477013111
Buffelsdrift,01_Meerkat_safari,meerkat,P9071815.JPG,0.477,30,True,True,False,Independent composition nomination,0.024819109588861465,-0.009391757659614086,0.006830237805843353
Buffelsdrift,01_Meerkat_safari,meerkat,P9071813.JPG,0.462,30,False,False,False,,0.02129928208887577,-0.009524560533463955,0.010917793028056622
Buffelsdrift,01_Meerkat_safari,meerkat,P9071826.JPG,0.432,33,False,False,False,,0.02483552321791649,-0.008208097890019417,0.012143682688474655
Buffelsdrift,01_Meerkat_safari,meerkat,P9071801.JPG,0.423,28,False,False,False,,0.014799347147345543,-0.020219065248966217,0.016022976487874985
Buffelsdrift,01_Meerkat_safari,meerkat,P9071831.JPG,0.382,33,False,False,False,,0.027883188799023628,-0.01076032780110836,0.010567613877356052
Buffelsdrift,01_Meerkat_safari,meerkat,P9071798.JPG,0.364,26,False,False,False,,0.016589520499110222,-0.008684705011546612,0.01593794673681259
Buffelsdrift,01_Meerkat_safari,meerkat,P9071852.JPG,0.3,36,False,False,False,,0.03189869970083237,-0.013646889477968216,0.01507047563791275
Buffelsdrift,01_Meerkat_safari,meerkat,P9071823.JPG,0.283,32,False,False,False,,0.02113218419253826,0.0001281769946217537,0.02283381298184395
Buffelsdrift,01_Meerkat_safari,meerkat,P9071814.JPG,0.24,30,False,True,False,Burst alternative: gesture,0.026727911084890366,-0.013454124331474304,0.013869578018784523
Buffelsdrift,01_Meerkat_safari,meerkat,P9071824.JPG,0.222,32,False,False,False,,0.02410944551229477,-0.004247906152158976,0.016596224159002304
Buffelsdrift,01_Meerkat_safari,meerkat,P9071805.JPG,0.221,29,False,False,False,,0.013563813641667366,-0.014032451435923576,0.015320682898163795
Buffelsdrift,01_Meerkat_safari,meerkat,P9071295.JPG,0.186,12,False,False,False,,0.01771152764558792,-0.025463730096817017,0.004746758844703436
Buffelsdrift,01_Meerkat_safari,meerkat,P9071830.JPG,0.172,33,False,True,False,Burst alternative: interaction,0.02812337502837181,-0.005914593581110239,0.012157539837062359
Buffelsdrift,01_Meerkat_safari,meerkat,P9071841.JPG,0.166,34,False,False,False,,0.034040503203868866,-0.009131576865911484,0.0101879658177495
Buffelsdrift,01_Meerkat_safari,meerkat,P9071828.JPG,0.152,33,False,False,False,,0.02565307915210724,-0.011980535462498665,0.011772396974265575
Buffelsdrift,01_Meerkat_safari,meerkat,P9071799.JPG,0.146,27,False,False,False,,0.017644697800278664,-0.01846076175570488,0.020305566489696503
Buffelsdrift,01_Meerkat_safari,meerkat,P9071282.JPG,0.123,10,False,False,False,,0.019815174862742424,-0.024747032672166824,0.005709756165742874
Buffelsdrift,01_Meerkat_safari,meerkat,P9071808.JPG,0.042,30,False,False,False,,0.024152107536792755,-0.011391967535018921,0.011402573436498642
Buffelsdrift,01_Meerkat_safari,meerkat,P9071804.JPG,0.028,28,False,False,False,,0.019793009385466576,-0.006770758889615536,0.014674730598926544
Buffelsdrift,01_Meerkat_safari,meerkat,P9071796.JPG,0.021,25,True,True,False,Exploration: visual novelty or signal uncertainty,0.008356217294931412,-0.022265750914812088,0.013646289706230164
Buffelsdrift,01_Meerkat_safari,meerkat,P9071819.JPG,0.0,31,False,False,False,,0.027732349932193756,-0.010644905269145966,0.011855275370180607
Buffelsdrift,01_Meerkat_safari,meerkat,P9071844.JPG,-0.01,34,False,False,False,,0.019208310171961784,-0.011616372503340244,0.010424671694636345
Buffelsdrift,01_Meerkat_safari,meerkat,P9071842.JPG,-0.014,34,False,False,False,,0.025825979188084602,-0.017984487116336823,0.014030988328158855
Buffelsdrift,01_Meerkat_safari,meerkat,P9071839.JPG,-0.037,34,False,False,False,,0.030017416924238205,-0.013812846504151821,0.013729398138821125
Buffelsdrift,01_Meerkat_safari,meerkat,P9071256.JPG,-0.115,5,True,True,False,Exploration: visual novelty or signal uncertainty,0.03251906856894493,-0.003699986729770899,0.011388745158910751
Buffelsdrift,01_Meerkat_safari,meerkat,P9071840.JPG,-0.118,34,False,True,False,Burst alternative: gesture,0.021463537588715553,-0.007707337848842144,0.018163183704018593
Buffelsdrift,01_Meerkat_safari,meerkat,P9071843.JPG,-0.151,34,False,False,False,,0.02345040999352932,-0.012922592461109161,0.013678167015314102
Buffelsdrift,01_Meerkat_safari,meerkat,P9071820.JPG,-0.156,31,True,False,False,,0.022367434576153755,-0.014592377468943596,0.01080680638551712
Buffelsdrift,01_Meerkat_safari,meerkat,P9071833.JPG,-0.181,33,False,False,False,,0.022266624495387077,-0.01417205948382616,0.015527606941759586
Buffelsdrift,01_Meerkat_safari,rock hyrax (dassie),P9071718.JPG,2.136,76,True,True,True,Scene representative,0.03579845279455185,-0.014729028567671776,0.00806727446615696
Buffelsdrift,01_Meerkat_safari,rock hyrax (dassie),P9071719.JPG,2.081,76,True,True,False,Protected quality allocation,0.039227552711963654,-0.010567860677838326,0.004644604399800301
Buffelsdrift,01_Meerkat_safari,rock hyrax (dassie),P9071630.JPG,2.056,63,True,True,True,Scene representative,0.02820299006998539,-0.006041957996785641,0.006345763802528381
Buffelsdrift,01_Meerkat_safari,rock hyrax (dassie),P9071442.JPG,1.883,38,True,True,False,Scene representative,0.032865144312381744,-0.01192155759781599,0.008229037746787071
Buffelsdrift,01_Meerkat_safari,rock hyrax (dassie),P9071789.JPG,1.825,91,True,True,True,Protected quality allocation,0.03325943276286125,-0.013019970618188381,0.010168042965233326
Buffelsdrift,01_Meerkat_safari,rock hyrax (dassie),P9071679.JPG,1.705,71,True,True,False,Protected quality allocation,0.02661738730967045,-0.02156224474310875,0.00012470921501517296
Buffelsdrift,01_Meerkat_safari,rock hyrax (dassie),P9071559.JPG,1.659,56,True,True,False,Protected quality allocation,0.01572697050869465,-0.010549673810601234,0.008565399795770645
Buffelsdrift,01_Meerkat_safari,rock hyrax (dassie),P9071470.JPG,1.646,41,True,True,False,Independent distinctiveness nomination,0.03546612337231636,0.00012058624997735023,0.006338463164865971
Buffelsdrift,01_Meerkat_safari,rock hyrax (dassie),P9071446.JPG,1.64,39,True,True,True,Protected quality allocation,0.0202715415507555,-0.007642843294888735,0.017117049545049667
Buffelsdrift,01_Meerkat_safari,rock hyrax (dassie),P9071631.JPG,1.613,63,False,True,False,Protected quality allocation,0.028694529086351395,0.0009518032893538475,0.008083244785666466
Buffelsdrift,01_Meerkat_safari,rock hyrax (dassie),P9071717.JPG,1.605,76,True,True,False,Protected quality allocation,0.02088276296854019,-0.023007119074463844,0.009626544080674648
Buffelsdrift,01_Meerkat_safari,rock hyrax (dassie),P9071445.JPG,1.541,39,True,True,False,Protected quality allocation,0.02065150812268257,-0.013304095715284348,0.021069757640361786
Buffelsdrift,01_Meerkat_safari,rock hyrax (dassie),P9071432.JPG,1.534,37,True,True,False,Protected quality allocation,0.022184178233146667,-0.008829034864902496,0.016748590394854546
Buffelsdrift,01_Meerkat_safari,rock hyrax (dassie),P9071680.JPG,1.493,71,True,True,True,Protected quality allocation,0.03869498521089554,-0.023392539471387863,0.010223433375358582
Buffelsdrift,01_Meerkat_safari,rock hyrax (dassie),P9071710.JPG,1.405,74,True,True,False,Protected quality allocation,0.02142016962170601,-0.008874215185642242,0.008045184426009655
Buffelsdrift,01_Meerkat_safari,rock hyrax (dassie),P9071707.JPG,1.397,74,True,True,False,Protected quality allocation,0.01677890121936798,-0.008258395828306675,0.007971885614097118
Buffelsdrift,01_Meerkat_safari,rock hyrax (dassie),P9071653.JPG,1.343,65,True,True,False,Protected quality allocation,0.03707166388630867,-0.013729908503592014,0.010195409879088402
Buffelsdrift,01_Meerkat_safari,rock hyrax (dassie),P9071595.JPG,1.334,59,False,True,False,Protected quality allocation,0.028531108051538467,-0.005727375857532024,0.00547343585640192
Buffelsdrift,01_Meerkat_safari,rock hyrax (dassie),P9071599.JPG,1.333,59,True,True,False,Protected quality allocation,0.03722773864865303,-0.004701928235590458,0.014205237850546837
Buffelsdrift,01_Meerkat_safari,rock hyrax (dassie),P9071594.JPG,1.331,59,True,True,False,Protected quality allocation,0.033479511737823486,-0.012878861278295517,0.0021124593913555145
Buffelsdrift,01_Meerkat_safari,rock hyrax (dassie),P9071625.JPG,1.322,62,True,True,False,Protected quality allocation,0.030696656554937363,-0.007543926127254963,0.0052768634632229805
Buffelsdrift,01_Meerkat_safari,rock hyrax (dassie),P9071531.JPG,1.313,49,True,True,False,Protected quality allocation,0.021170489490032196,-0.002091888338327408,0.006125338841229677
Buffelsdrift,01_Meerkat_safari,rock hyrax (dassie),P9071430.JPG,1.308,37,True,True,False,Protected quality allocation,0.02096942439675331,-0.00858725793659687,0.014228807762265205
Buffelsdrift,01_Meerkat_safari,rock hyrax (dassie),P9071593.JPG,1.29,59,False,True,False,Protected quality allocation,0.030946243554353714,-0.010548164136707783,0.0050496868789196014
Buffelsdrift,01_Meerkat_safari,rock hyrax (dassie),P9071618.JPG,1.279,61,True,True,False,Protected quality allocation,0.019657796248793602,-0.008150428533554077,0.014152420684695244
Buffelsdrift,01_Meerkat_safari,rock hyrax (dassie),P9071598.JPG,1.278,59,True,True,False,Protected quality allocation,0.03616717830300331,-0.011228540912270546,0.00931846909224987
Buffelsdrift,01_Meerkat_safari,rock hyrax (dassie),P9071709.JPG,1.273,74,False,True,False,Protected quality allocation,0.022218214347958565,-0.009799094870686531,0.007632894907146692
Buffelsdrift,01_Meerkat_safari,rock hyrax (dassie),P9071723.JPG,1.245,77,True,True,False,Protected quality allocation,0.016195278614759445,-0.005247123073786497,0.007802505977451801
Buffelsdrift,01_Meerkat_safari,rock hyrax (dassie),P9071626.JPG,1.235,62,False,True,False,Protected quality allocation,0.02388993464410305,0.0021607663948088884,0.007181031163781881
Buffelsdrift,01_Meerkat_safari,rock hyrax (dassie),P9071692.JPG,1.23,73,True,True,False,Protected quality allocation,0.02222585678100586,-0.0033996310085058212,0.009489160031080246
Buffelsdrift,01_Meerkat_safari,rock hyrax (dassie),P9071687.JPG,1.228,73,True,True,False,Protected quality allocation,0.025121822953224182,-0.01271592266857624,0.011135196313261986
Buffelsdrift,01_Meerkat_safari,rock hyrax (dassie),P9071716.JPG,1.227,76,True,True,False,Protected quality allocation,0.03414478152990341,-0.026264643296599388,0.009074103087186813
Buffelsdrift,01_Meerkat_safari,rock hyrax (dassie),P9071788.JPG,1.205,90,True,True,False,Moment representative,0.022982681170105934,-0.004396738950163126,0.010038651525974274
Buffelsdrift,01_Meerkat_safari,rock hyrax (dassie),P9071588.JPG,1.194,58,True,True,False,Moment representative,0.030878379940986633,-0.007600380107760429,0.010050659067928791
Buffelsdrift,01_Meerkat_safari,rock hyrax (dassie),P9071724.JPG,1.179,77,False,False,False,,0.013471657410264015,-0.006204818841069937,0.005076720379292965
Buffelsdrift,01_Meerkat_safari,rock hyrax (dassie),P9071600.JPG,1.165,59,True,False,False,,0.026356540620326996,-0.0012834123335778713,0.009495445527136326
Buffelsdrift,01_Meerkat_safari,rock hyrax (dassie),P9071636.JPG,1.163,64,True,True,False,Burst alternative: interaction,0.03802584111690521,0.0009819264523684978,0.012976560741662979
Buffelsdrift,01_Meerkat_safari,rock hyrax (dassie),P9071706.JPG,1.162,74,True,False,False,,0.018617581576108932,-0.016379760578274727,0.009036378934979439
Buffelsdrift,01_Meerkat_safari,rock hyrax (dassie),P9071711.JPG,1.16,75,True,True,False,Burst representative,0.013050987385213375,-0.00794187095016241,0.014835072681307793
Buffelsdrift,01_Meerkat_safari,rock hyrax (dassie),P9071688.JPG,1.159,73,False,True,False,Burst quality alternative,0.017948541790246964,-0.004694591276347637,0.01493873167783022
Buffelsdrift,01_Meerkat_safari,rock hyrax (dassie),P9071708.JPG,1.148,74,True,False,False,,0.018929118290543556,-0.007282318081706762,0.007581865414977074
Buffelsdrift,01_Meerkat_safari,rock hyrax (dassie),P9071732.JPG,1.134,78,True,True,False,Burst representative,0.018615195527672768,0.0027110546361654997,0.016637492924928665
Buffelsdrift,01_Meerkat_safari,rock hyrax (dassie),P9071731.JPG,1.134,77,True,True,False,Burst pose alternative,0.013166094198822975,-0.004175800830125809,0.006912091746926308
Buffelsdrift,01_Meerkat_safari,rock hyrax (dassie),P9071726.JPG,1.129,77,True,False,False,,0.01324276439845562,-0.010851494036614895,0.008296554908156395
Buffelsdrift,01_Meerkat_safari,rock hyrax (dassie),P9071678.JPG,1.116,71,True,True,False,Moment representative,0.024403516203165054,-0.018992237746715546,-0.0017071100883185863
Buffelsdrift,01_Meerkat_safari,rock hyrax (dassie),P9071597.JPG,1.104,59,False,False,False,,0.03685937821865082,-0.010970691218972206,-0.00046063773334026337
Buffelsdrift,01_Meerkat_safari,rock hyrax (dassie),P9071730.JPG,1.095,77,False,False,False,,0.015980521216988564,-0.013501347973942757,0.007828588597476482
Buffelsdrift,01_Meerkat_safari,rock hyrax (dassie),P9071627.JPG,1.09,62,False,False,False,,0.02763773873448372,-0.001440262421965599,0.011650905013084412
Buffelsdrift,01_Meerkat_safari,rock hyrax (dassie),P9071596.JPG,1.088,59,False,False,False,,0.03872286528348923,-0.014868673868477345,0.0039579602889716625
Buffelsdrift,01_Meerkat_safari,rock hyrax (dassie),P9071601.JPG,1.088,59,True,True,False,Moment representative,0.036077700555324554,-0.009825477376580238,-0.0014070374891161919
Buffelsdrift,01_Meerkat_safari,rock hyrax (dassie),P9071602.JPG,1.075,59,True,True,False,Moment representative,0.03710740804672241,0.003078351728618145,0.010366987437009811
Buffelsdrift,01_Meerkat_safari,rock hyrax (dassie),P9071721.JPG,1.062,77,False,False,False,,0.014443485997617245,-0.004469179082661867,0.007092381827533245
Buffelsdrift,01_Meerkat_safari,rock hyrax (dassie),P9071643.JPG,1.048,64,True,True,False,Burst pose alternative,0.032722704112529755,-0.013685008510947227,0.0101146986708045
Buffelsdrift,01_Meerkat_safari,rock hyrax (dassie),P9071722.JPG,1.03,77,False,False,False,,0.015204975381493568,-0.00706884078681469,0.009555578231811523
Buffelsdrift,01_Meerkat_safari,rock hyrax (dassie),P9071693.JPG,1.022,73,False,False,False,,0.021308492869138718,-0.011993256397545338,0.010081548243761063
Buffelsdrift,01_Meerkat_safari,rock hyrax (dassie),P9071705.JPG,1.007,74,False,False,False,,0.024017566815018654,-0.019859854131937027,0.006160723511129618
Buffelsdrift,01_Meerkat_safari,rock hyrax (dassie),P9071745.JPG,0.999,81,True,True,False,Moment representative,0.014223440550267696,-0.005466044880449772,0.009658895432949066
Buffelsdrift,01_Meerkat_safari,rock hyrax (dassie),P9071603.JPG,0.986,59,False,False,False,,0.035997260361909866,-0.0029052351601421833,0.010855568572878838
Buffelsdrift,01_Meerkat_safari,rock hyrax (dassie),P9071720.JPG,0.967,77,False,False,False,,0.014967519789934158,-0.0036339396610856056,0.008802741765975952
Buffelsdrift,01_Meerkat_safari,rock hyrax (dassie),P9071686.JPG,0.945,73,True,False,False,,0.01565646007657051,-0.006331166252493858,0.009159721434116364
Buffelsdrift,01_Meerkat_safari,rock hyrax (dassie),P9071604.JPG,0.923,59,False,False,False,,0.03876635059714317,-0.008356411010026932,-0.0022339108400046825
Buffelsdrift,01_Meerkat_safari,rock hyrax (dassie),P9071727.JPG,0.904,77,False,True,False,Burst alternative: gesture,0.015287193469703197,-0.010124843567609787,0.012109586969017982
Buffelsdrift,01_Meerkat_safari,rock hyrax (dassie),P9071787.JPG,0.898,89,True,True,False,Burst representative,0.011848699301481247,-0.005769921466708183,0.011778144165873528
Buffelsdrift,01_Meerkat_safari,rock hyrax (dassie),P9071685.JPG,0.882,73,False,False,False,,0.012641157023608685,-0.00466260826215148,0.009570472873747349
Buffelsdrift,01_Meerkat_safari,rock hyrax (dassie),P9071725.JPG,0.876,77,False,False,False,,0.013287127017974854,-0.00652827974408865,0.00903120543807745
Buffelsdrift,01_Meerkat_safari,rock hyrax (dassie),P9071549.JPG,0.872,54,True,True,False,Burst representative,0.01756964437663555,-0.0064425989985466,0.010743515565991402
Buffelsdrift,01_Meerkat_safari,rock hyrax (dassie),P9071613.JPG,0.869,60,True,False,False,,0.023830832913517952,-0.015759015455842018,0.008218393661081791
Buffelsdrift,01_Meerkat_safari,rock hyrax (dassie),P9071482.JPG,0.866,43,True,True,False,Moment representative,0.0228876955807209,0.0032834475859999657,0.01965942047536373
Buffelsdrift,01_Meerkat_safari,rock hyrax (dassie),P9071466.JPG,0.861,40,True,True,True,Moment representative,0.0029143178835511208,-0.007672669366002083,0.010124288499355316
Buffelsdrift,01_Meerkat_safari,rock hyrax (dassie),P9071690.JPG,0.86,73,False,False,False,,0.01705067604780197,-0.006971270777285099,0.01280069537460804
Buffelsdrift,01_Meerkat_safari,rock hyrax (dassie),P9071697.JPG,0.859,73,True,False,False,,0.018822912126779556,0.0011181230656802654,0.01217370294034481
Buffelsdrift,01_Meerkat_safari,rock hyrax (dassie),P9071529.JPG,0.859,49,False,True,False,Burst alternative: expression,0.03224468231201172,-0.003393509890884161,0.008378497324883938
Buffelsdrift,01_Meerkat_safari,rock hyrax (dassie),P9071701.JPG,0.856,74,False,False,False,,0.02029218152165413,-0.008821630850434303,0.002856316976249218
Buffelsdrift,01_Meerkat_safari,rock hyrax (dassie),P9071530.JPG,0.855,49,False,False,False,,0.018878694623708725,0.000821919646114111,0.007699912413954735
Buffelsdrift,01_Meerkat_safari,rock hyrax (dassie),P9071675.JPG,0.822,70,True,True,False,Burst representative,0.020999278873205185,-0.019236695021390915,0.013838117010891438
Buffelsdrift,01_Meerkat_safari,rock hyrax (dassie),P9071786.JPG,0.817,89,False,False,False,,0.011423391290009022,-0.007538238540291786,0.00886376854032278
Buffelsdrift,01_Meerkat_safari,rock hyrax (dassie),P9071783.JPG,0.815,88,True,True,True,Burst representative,0.018803996965289116,-0.00021244212985038757,0.004621629137545824
Buffelsdrift,01_Meerkat_safari,rock hyrax (dassie),P9071781.JPG,0.806,87,True,True,False,Burst representative,0.012148774228990078,0.0036786124110221863,0.010009347461163998
Buffelsdrift,01_Meerkat_safari,rock hyrax (dassie),P9071700.JPG,0.799,74,True,False,False,,0.015684207901358604,-0.008246466517448425,0.003972109407186508
Buffelsdrift,01_Meerkat_safari,rock hyrax (dassie),P9071713.JPG,0.789,75,True,False,False,,0.012055888772010803,-0.00538743007928133,0.008564654737710953
Buffelsdrift,01_Meerkat_safari,rock hyrax (dassie),P9071640.JPG,0.784,64,True,True,False,Independent composition nomination,0.03506358712911606,-0.03291933983564377,0.012476358562707901
Buffelsdrift,01_Meerkat_safari,rock hyrax (dassie),P9071516.JPG,0.78,48,True,True,False,Burst representative,0.020274251699447632,-0.0012074131518602371,0.007670758292078972
Buffelsdrift,01_Meerkat_safari,rock hyrax (dassie),P9071637.JPG,0.757,64,True,True,False,Moment representative,0.03838753700256348,-0.03548246622085571,0.01349601335823536
Buffelsdrift,01_Meerkat_safari,rock hyrax (dassie),P9071784.JPG,0.743,88,True,True,False,Moment representative,0.02057400532066822,-0.007043948397040367,0.015577347949147224
Buffelsdrift,01_Meerkat_safari,rock hyrax (dassie),P9071624.JPG,0.742,62,True,True,False,Moment representative,0.018842652440071106,-0.013693667016923428,0.02031397633254528
Buffelsdrift,01_Meerkat_safari,rock hyrax (dassie),P9071691.JPG,0.736,73,False,False,False,,0.018717432394623756,-0.008479095995426178,0.011951906606554985
Buffelsdrift,01_Meerkat_safari,rock hyrax (dassie),P9071581.JPG,0.728,57,True,True,True,Moment representative,0.010444751009345055,-0.003837885335087776,0.007759553380310535
Buffelsdrift,01_Meerkat_safari,rock hyrax (dassie),P9071694.JPG,0.726,73,False,True,False,Burst pose alternative,0.02715519815683365,0.003671943908557296,0.014115332625806332
Buffelsdrift,01_Meerkat_safari,rock hyrax (dassie),P9071681.JPG,0.724,71,True,False,False,,0.026883486658334732,-0.03498525172472,0.0018419127445667982
Buffelsdrift,01_Meerkat_safari,rock hyrax (dassie),P9071606.JPG,0.724,59,False,False,False,,0.038609083741903305,-0.012696413323283195,0.00011385791003704071
Buffelsdrift,01_Meerkat_safari,rock hyrax (dassie),P9071642.JPG,0.722,64,True,False,False,,0.0412779226899147,-0.003694731742143631,0.014554385095834732
Buffelsdrift,01_Meerkat_safari,rock hyrax (dassie),P9071528.JPG,0.709,49,False,False,False,,0.030818739905953407,-0.003471599891781807,0.010417045094072819
Buffelsdrift,01_Meerkat_safari,rock hyrax (dassie),P9071735.JPG,0.7,78,False,False,False,,0.020268436521291733,-0.0007591014727950096,0.007548491004854441
Buffelsdrift,01_Meerkat_safari,rock hyrax (dassie),P9071695.JPG,0.688,73,False,False,False,,0.023945728316903114,-0.00019697705283761024,0.01522937510162592
Buffelsdrift,01_Meerkat_safari,rock hyrax (dassie),P9071632.JPG,0.684,64,True,False,False,,0.026316244155168533,-0.017535334452986717,0.013269273564219475
Buffelsdrift,01_Meerkat_safari,rock hyrax (dassie),P9071498.JPG,0.683,45,True,True,False,Burst representative,0.02604294940829277,-0.0024249367415905,0.010768626816570759
Buffelsdrift,01_Meerkat_safari,rock hyrax (dassie),P9071611.JPG,0.671,59,True,True,False,Moment representative,0.02432270348072052,-0.01857576332986355,0.010492905974388123
Buffelsdrift,01_Meerkat_safari,rock hyrax (dassie),P9071674.JPG,0.664,70,True,False,False,,0.010119219310581684,-0.005582692101597786,0.013775913044810295
Buffelsdrift,01_Meerkat_safari,rock hyrax (dassie),P9071728.JPG,0.649,77,False,False,False,,0.011236952617764473,-0.010024036280810833,0.006175695452839136
Buffelsdrift,01_Meerkat_safari,rock hyrax (dassie),P9071677.JPG,0.643,70,True,False,False,,0.009274904616177082,-0.006189379375427961,0.008468846790492535
Buffelsdrift,01_Meerkat_safari,rock hyrax (dassie),P9071638.JPG,0.642,64,True,False,False,,0.03503541648387909,-0.004421429708600044,0.012457333505153656
Buffelsdrift,01_Meerkat_safari,rock hyrax (dassie),P9071684.JPG,0.635,73,False,False,False,,0.008299296721816063,-0.008984527550637722,0.0054671987891197205
Buffelsdrift,01_Meerkat_safari,rock hyrax (dassie),P9071605.JPG,0.605,59,False,False,False,,0.04313952475786209,-0.015720713883638382,0.0023290289100259542
Buffelsdrift,01_Meerkat_safari,rock hyrax (dassie),P9071633.JPG,0.602,64,True,False,False,,0.021106015890836716,0.0009005027823150158,0.013105656951665878
Buffelsdrift,01_Meerkat_safari,rock hyrax (dassie),P9071696.JPG,0.575,73,True,False,False,,0.025167129933834076,0.004118651617318392,0.018677890300750732
Buffelsdrift,01_Meerkat_safari,rock hyrax (dassie),P9071782.JPG,0.568,87,False,False,False,,0.010676093399524689,-0.0012522838078439236,0.01421356201171875
Buffelsdrift,01_Meerkat_safari,rock hyrax (dassie),P9071715.JPG,0.563,75,False,False,False,,0.01356964185833931,-0.0031353989616036415,0.006398553028702736
Buffelsdrift,01_Meerkat_safari,rock hyrax (dassie),P9071548.JPG,0.56,54,False,False,False,,0.014378352090716362,0.0025512040592730045,0.0073959240689873695
Buffelsdrift,01_Meerkat_safari,rock hyrax (dassie),P9071494.JPG,0.53,44,True,True,False,Burst representative,0.014641933143138885,-0.004795490764081478,0.009391461499035358
Buffelsdrift,01_Meerkat_safari,rock hyrax (dassie),P9071508.JPG,0.519,47,True,True,False,Moment representative,0.008942704647779465,-0.033100903034210205,-0.006733016110956669
Buffelsdrift,01_Meerkat_safari,rock hyrax (dassie),P9071785.JPG,0.517,88,False,False,False,,0.013578606769442558,0.006814301013946533,0.014808101579546928
Buffelsdrift,01_Meerkat_safari,rock hyrax (dassie),P9071660.JPG,0.503,66,True,True,False,Moment representative,0.034915510565042496,-0.02034357562661171,0.00448242761194706
Buffelsdrift,01_Meerkat_safari,rock hyrax (dassie),P9071552.JPG,0.419,55,False,False,False,,0.011586518958210945,-0.01253797672688961,0.00967903807759285
Buffelsdrift,01_Meerkat_safari,rock hyrax (dassie),P9071538.JPG,0.404,52,True,False,False,,0.02956530824303627,-0.026353802531957626,0.006551800295710564
Buffelsdrift,01_Meerkat_safari,rock hyrax (dassie),P9071668.JPG,0.379,68,True,False,False,,0.028866034001111984,-0.012006338685750961,0.01635073870420456
Buffelsdrift,01_Meerkat_safari,rock hyrax (dassie),P9071682.JPG,0.321,72,False,True,False,Burst representative,0.008576554246246815,-0.023177290335297585,0.009352135471999645
Buffelsdrift,01_Meerkat_safari,rock hyrax (dassie),P9071766.JPG,0.315,83,True,True,False,Burst representative,0.030040115118026733,-0.020762812346220016,0.006000306457281113
Buffelsdrift,01_Meerkat_safari,rock hyrax (dassie),P9071683.JPG,0.269,72,False,False,False,,0.007551693357527256,-0.01539583969861269,0.008349756710231304
Buffelsdrift,01_Meerkat_safari,rock hyrax (dassie),P9071490.JPG,0.182,44,False,False,False,,0.0163026824593544,-0.008958944119513035,0.013030902482569218
Buffelsdrift,01_Meerkat_safari,rock hyrax (dassie),P9071505.JPG,0.156,46,True,False,False,,0.03749619424343109,-0.00927636306732893,0.014574026688933372
Buffelsdrift,01_Meerkat_safari,rock hyrax (dassie),P9071542.JPG,0.136,53,True,True,False,Exploration: visual novelty or signal uncertainty,0.03449227660894394,-0.011582668870687485,0.015413092449307442
Buffelsdrift,01_Meerkat_safari,rock hyrax (dassie),P9071780.JPG,0.114,86,True,True,False,Burst representative,0.021062733605504036,-0.005776974372565746,0.003403457347303629
Buffelsdrift,01_Meerkat_safari,rock hyrax (dassie),P9071672.JPG,0.043,69,True,True,False,Burst representative,0.03334382176399231,0.002358803991228342,0.014862209558486938
Buffelsdrift,01_Meerkat_safari,rock hyrax (dassie),P9071666.JPG,0.029,67,True,True,False,Burst representative,0.025170892477035522,-0.018898803740739822,0.010805746540427208
Buffelsdrift,01_Meerkat_safari,rock hyrax (dassie),P9071503.JPG,-0.001,45,False,False,False,,0.00747652817517519,0.012054972350597382,0.01844049245119095
Buffelsdrift,01_Meerkat_safari,rock hyrax (dassie),P9071673.JPG,-0.02,69,False,False,False,,0.029971346259117126,0.001934786792844534,0.010517007671296597
Buffelsdrift,01_Meerkat_safari,rock hyrax (dassie),P9071515.JPG,-0.039,48,False,False,False,,0.016330303624272346,0.01161745935678482,0.006806248798966408
Buffelsdrift,01_Meerkat_safari,rock hyrax (dassie),P9071481.JPG,-0.048,42,False,False,False,,0.01317363977432251,0.0008910233154892921,0.016329625621438026
Buffelsdrift,01_Meerkat_safari,rock hyrax (dassie),P9071779.JPG,-0.142,86,False,True,False,Burst alternative: gesture,0.02206512540578842,-0.0006392523646354675,0.007251659873872995
Buffelsdrift,01_Meerkat_safari,rock hyrax (dassie),P9071535.JPG,-0.227,50,False,True,False,Burst representative,0.024761322885751724,-0.019678449258208275,0.007315675728023052
Buffelsdrift,01_Meerkat_safari,rock hyrax (dassie),P9071772.JPG,-0.242,85,False,True,False,Burst representative,0.011199932545423508,-0.02726692520081997,0.007185956928879023
Buffelsdrift,01_Meerkat_safari,rock hyrax (dassie),P9071769.JPG,-0.248,84,False,True,False,Burst representative,0.017336774617433548,-0.004212761297821999,0.013781293295323849
Buffelsdrift,01_Meerkat_safari,rock hyrax (dassie),P9071771.JPG,-0.299,85,False,False,False,,0.024192020297050476,-0.015674574300646782,0.0069727906957268715
Buffelsdrift,01_Meerkat_safari,rock hyrax (dassie),P9071770.JPG,-0.301,85,False,True,False,Burst alternative: expression,0.02575845830142498,-0.014789128676056862,0.0026957374066114426
Buffelsdrift,01_Meerkat_safari,rock hyrax (dassie),P9071773.JPG,-0.352,85,False,False,False,,0.013307303190231323,-0.03141791373491287,0.005795696750283241
Buffelsdrift,01_Meerkat_safari,rock hyrax (dassie),P9071670.JPG,-0.445,69,False,True,False,Burst pose alternative,0.009310213848948479,-0.007639620918780565,0.010405283421278
Buffelsdrift,01_Meerkat_safari,rock hyrax (dassie),P9071774.JPG,-0.621,85,False,False,False,,0.010098409838974476,-0.02976536937057972,-0.003210238181054592
Buffelsdrift,01_Meerkat_safari,rock hyrax (dassie),P9071775.JPG,-0.673,85,False,False,False,,0.006490631494671106,-0.029494889080524445,-0.0030466304160654545
Buffelsdrift,01_Meerkat_safari,rock hyrax (dassie),P9071534.JPG,-0.693,50,False,False,False,,0.029437392950057983,-0.015575590543448925,0.004221969284117222
Buffelsdrift,01_Meerkat_safari,rock hyrax (dassie),P9071777.JPG,-0.728,86,False,False,False,,-0.020173976197838783,-0.03968489170074463,-0.01529411319643259
Buffelsdrift,01_Meerkat_safari,rock hyrax (dassie),P9071768.JPG,-0.747,84,False,False,False,,0.023416925221681595,-0.01717854104936123,0.014706672169268131
Buffelsdrift,01_Meerkat_safari,rock hyrax (dassie),P9071778.JPG,-0.77,86,False,False,False,,-0.019165318459272385,-0.03883520886301994,-0.01233076211065054
Buffelsdrift,01_Meerkat_safari,rock hyrax (dassie),P9071671.JPG,-0.782,69,False,False,False,,0.011155589483678341,0.0009107636287808418,0.0039459457620978355
Buffelsdrift,01_Meerkat_safari,rock hyrax (dassie),P9071776.JPG,-0.793,86,False,False,False,,-0.02174658328294754,-0.03453236073255539,-0.013504164293408394
Buffelsdrift,01_Meerkat_safari,rock hyrax (dassie),P9071639.JPG,-0.822,64,False,False,False,,0.01950191706418991,-0.033329758793115616,-0.007694256026297808
Buffelsdrift,01_Meerkat_safari,rock hyrax (dassie),P9071740.JPG,-1.015,80,False,False,False,,0.01720726303756237,-0.013014458119869232,0.007077576592564583
Buffelsdrift,01_Meerkat_safari,rock hyrax (dassie),P9071537.JPG,-1.069,51,True,True,False,Exploration: visual novelty or signal uncertainty,0.0005086176097393036,-0.026659760624170303,0.002625564346089959
Buffelsdrift,01_Meerkat_safari,rock hyrax (dassie),P9071738.JPG,-1.337,79,False,False,False,,0.02267364040017128,-0.017625248059630394,0.0037069020327180624
Buffelsdrift,01_Meerkat_safari,rock hyrax (dassie),P9071757.JPG,-1.557,82,False,True,False,Burst representative,0.017907358705997467,-0.005838204640895128,0.00562110124155879
Buffelsdrift,01_Meerkat_safari,rock hyrax (dassie),P9071763.JPG,-1.563,83,True,False,False,,0.010930288583040237,-0.015543298795819283,0.002752775326371193
Buffelsdrift,01_Meerkat_safari,rock hyrax (dassie),P9071667.JPG,-1.602,67,False,False,False,,-0.005039595533162355,-0.037834860384464264,-0.006375682074576616
Buffelsdrift,01_Meerkat_safari,rock hyrax (dassie),P9071764.JPG,-1.618,83,False,False,False,,0.017356541007757187,-0.01872280240058899,0.0005129426717758179
Buffelsdrift,01_Meerkat_safari,rock hyrax (dassie),P9071750.JPG,-1.745,82,False,True,False,Burst pose alternative,0.0004716860130429268,-0.01322060264647007,0.002089862711727619
Buffelsdrift,01_Meerkat_safari,rock hyrax (dassie),P9071758.JPG,-1.751,82,False,True,False,Burst alternative: gesture,0.01045994646847248,-0.019034475088119507,0.00731583870947361
Buffelsdrift,01_Meerkat_safari,rock hyrax (dassie),P9071765.JPG,-1.794,83,False,True,False,Burst alternative: interaction,0.018294576555490494,-0.014899622648954391,0.002290360163897276
Buffelsdrift,01_Meerkat_safari,rock hyrax (dassie),P9071749.JPG,-1.795,82,False,True,False,Burst quality alternative,0.007417656015604734,-0.0072399466298520565,0.0019371812231838703
Buffelsdrift,01_Meerkat_safari,rock hyrax (dassie),P9071755.JPG,-1.814,82,False,False,False,,-0.0017022360116243362,-0.011242197826504707,0.0035387733951210976
Buffelsdrift,01_Meerkat_safari,rock hyrax (dassie),P9071753.JPG,-1.838,82,False,False,False,,-0.00031360331922769547,-0.019182123243808746,0.0038894973695278168
Buffelsdrift,01_Meerkat_safari,rock hyrax (dassie),P9071752.JPG,-1.845,82,False,False,False,,7.375609129667282e-05,-0.004442429635673761,0.006719630677253008
Buffelsdrift,01_Meerkat_safari,rock hyrax (dassie),P9071767.JPG,-1.862,83,False,False,False,,0.02046707645058632,-0.027984214946627617,-0.0012445859611034393
Buffelsdrift,01_Meerkat_safari,rock hyrax (dassie),P9071762.JPG,-1.885,83,False,False,False,,0.010125559754669666,-0.016943324357271194,0.0035767811350524426
Buffelsdrift,01_Meerkat_safari,rock hyrax (dassie),P9071748.JPG,-2.164,82,False,False,False,,-0.00918005220592022,-0.019791174679994583,0.0022437553852796555
Buffelsdrift,01_Meerkat_safari,rock hyrax (dassie),P9071756.JPG,-2.188,82,False,False,False,,0.00840297807008028,-0.012602398172020912,-0.0019993670284748077
Buffelsdrift,01_Meerkat_safari,rock hyrax (dassie),P9071754.JPG,-2.24,82,False,False,False,,0.0065728663466870785,-0.01907653547823429,0.004469466395676136
Buffelsdrift,01_Meerkat_safari,rock hyrax (dassie),P9071759.JPG,-2.25,82,False,False,False,,0.0062818340957164764,-0.01778232865035534,0.00457399245351553
Buffelsdrift,01_Meerkat_safari,rock hyrax (dassie),P9071751.JPG,-2.505,82,False,False,False,,0.0027361921966075897,-0.004647405818104744,0.003454434685409069
Buffelsdrift,01_Meerkat_safari,savanna grassland,P9071250.JPG,0.162,92,True,True,True,All distinct frames fit,-0.006010775454342365,-0.03587600588798523,0.004327843897044659
Buffelsdrift,01_Meerkat_safari,wildebeest,P9071855.JPG,1.001,93,True,True,True,All distinct frames fit,-0.0048046414740383625,-0.031696394085884094,-0.0027768281288444996
Buffelsdrift,02_Lion_feeding,lion,P9071959.JPG,2.809,21,True,True,True,Scene representative,0.04767265170812607,0.007816789671778679,0.014571566134691238
Buffelsdrift,02_Lion_feeding,lion,P9071954.JPG,2.54,21,True,True,False,Protected quality allocation,0.04471781104803085,0.012245887890458107,0.014080416411161423
Buffelsdrift,02_Lion_feeding,lion,P9071957.JPG,2.297,21,True,True,False,Protected quality allocation,0.0498359352350235,0.01592232659459114,0.017166873440146446
Buffelsdrift,02_Lion_feeding,lion,P9071886.JPG,2.293,3,True,True,True,Scene representative,0.034440815448760986,-2.5503337383270264e-05,0.014492510817945004
Buffelsdrift,02_Lion_feeding,lion,P9071925.JPG,2.231,13,True,True,False,Protected quality allocation,0.04136219620704651,-0.017676234245300293,0.014092963188886642
Buffelsdrift,02_Lion_feeding,lion,P9071953.JPG,2.099,21,True,True,False,Protected quality allocation,0.049598924815654755,-0.006168292835354805,0.006436716765165329
Buffelsdrift,02_Lion_feeding,lion,P9071956.JPG,2.052,21,True,True,False,Protected quality allocation,0.049931954592466354,0.002485949546098709,0.00869519542902708
Buffelsdrift,02_Lion_feeding,lion,P9071928.JPG,2.048,13,True,True,False,Protected quality allocation,0.025014784187078476,-0.015228120610117912,0.009902743622660637
Buffelsdrift,02_Lion_feeding,lion,P9071927.JPG,1.976,13,True,True,False,Protected quality allocation,0.02792666107416153,-0.010357854887843132,0.010098688304424286
Buffelsdrift,02_Lion_feeding,lion,P9071920.JPG,1.951,12,True,True,False,Protected quality allocation,0.02528584748506546,-0.017827633768320084,0.010202343575656414
Buffelsdrift,02_Lion_feeding,lion,P9071919.JPG,1.94,12,True,True,False,Protected quality allocation,0.0273368488997221,-0.019870946183800697,0.010979598388075829
Buffelsdrift,02_Lion_feeding,lion,P9071942.JPG,1.916,18,True,True,False,Protected quality allocation,0.025171540677547455,-0.022736363112926483,0.007836037315428257
Buffelsdrift,02_Lion_feeding,lion,P9071940.JPG,1.892,18,True,True,True,Independent distinctiveness nomination,0.02405969798564911,-0.025902681052684784,0.009075095877051353
Buffelsdrift,02_Lion_feeding,lion,P9071923.JPG,1.875,13,True,True,False,Protected quality allocation,0.02201111800968647,-0.010977933183312416,0.009997474029660225
Buffelsdrift,02_Lion_feeding,lion,P9071922.JPG,1.861,13,True,True,False,Protected quality allocation,0.020652510225772858,-0.014103537425398827,0.009196755476295948
Buffelsdrift,02_Lion_feeding,lion,P9071930.JPG,1.857,15,True,True,True,Protected quality allocation,0.03691410273313522,-0.016150860115885735,0.01654897816479206
Buffelsdrift,02_Lion_feeding,lion,P9071935.JPG,1.84,16,True,True,False,Protected quality allocation,0.03855567425489426,-0.018957212567329407,0.015611651353538036
Buffelsdrift,02_Lion_feeding,lion,P9071941.JPG,1.771,18,True,True,False,Protected quality allocation,0.027444208040833473,-0.022855913266539574,0.007023343816399574
Buffelsdrift,02_Lion_feeding,lion,P9072087.JPG,1.763,41,True,True,True,Scene representative,0.03559553623199463,0.011764179915189743,0.012632918544113636
Buffelsdrift,02_Lion_feeding,lion,P9071921.JPG,1.76,12,True,True,False,Protected quality allocation,0.024264607578516006,-0.016796883195638657,0.010097173973917961
Buffelsdrift,02_Lion_feeding,lion,P9071958.JPG,1.73,21,True,True,False,Protected quality allocation,0.046688012778759,0.0036189425736665726,0.012441816739737988
Buffelsdrift,02_Lion_feeding,lion,P9072086.JPG,1.714,41,True,True,False,Protected quality allocation,0.03108535334467888,0.011472061276435852,0.011966156773269176
Buffelsdrift,02_Lion_feeding,lion,P9071884.JPG,1.704,2,True,True,False,Independent composition nomination,0.021009430289268494,-0.02425372414290905,0.010791916400194168
Buffelsdrift,02_Lion_feeding,lion,P9071911.JPG,1.697,8,True,True,False,Protected quality allocation,0.03471824526786804,-0.004722440615296364,0.01859462261199951
Buffelsdrift,02_Lion_feeding,lion,P9071931.JPG,1.68,15,True,True,False,Protected quality allocation,0.035632744431495667,-0.014799123629927635,0.013569232076406479
Buffelsdrift,02_Lion_feeding,lion,P9071932.JPG,1.637,16,True,True,False,Protected quality allocation,0.036750953644514084,-0.01769195683300495,0.013845173642039299
Buffelsdrift,02_Lion_feeding,lion,P9071887.JPG,1.622,4,True,True,False,Protected quality allocation,0.021722368896007538,-0.0115616200491786,0.020851757377386093
Buffelsdrift,02_Lion_feeding,lion,P9071934.JPG,1.62,16,True,True,False,Protected quality allocation,0.03906651586294174,-0.018422339111566544,0.012777917087078094
Buffelsdrift,02_Lion_feeding,lion,P9072110.JPG,1.601,41,True,True,False,Protected quality allocation,0.033103059977293015,0.011600041761994362,0.015258967876434326
Buffelsdrift,02_Lion_feeding,lion,P9071879.JPG,1.568,0,True,True,False,Protected quality allocation,0.02272408828139305,-0.013630460947751999,0.018337339162826538
Buffelsdrift,02_Lion_feeding,lion,P9071952.JPG,1.558,21,True,True,False,Protected quality allocation,0.052646368741989136,-0.007274930365383625,0.0046486323699355125
Buffelsdrift,02_Lion_feeding,lion,P9072043.JPG,1.535,35,True,True,True,Protected quality allocation,0.02016015164554119,0.016428938135504723,0.011968135833740234
Buffelsdrift,02_Lion_feeding,lion,P9072085.JPG,1.535,41,True,True,False,Protected quality allocation,0.03159484267234802,0.017880532890558243,0.012613335624337196
Buffelsdrift,02_Lion_feeding,lion,P9071883.JPG,1.524,2,True,True,False,Protected quality allocation,0.019130177795886993,-0.026617245748639107,0.010499700903892517
Buffelsdrift,02_Lion_feeding,lion,P9072095.JPG,1.504,41,True,True,False,Protected quality allocation,0.036570463329553604,0.01353389397263527,0.014122789725661278
Buffelsdrift,02_Lion_feeding,lion,P9072107.JPG,1.499,41,True,True,False,Protected quality allocation,0.036690376698970795,0.013392923399806023,0.01428283005952835
Buffelsdrift,02_Lion_feeding,lion,P9071955.JPG,1.494,21,True,True,False,Protected quality allocation,0.047174058854579926,0.02020605467259884,0.01289375964552164
Buffelsdrift,02_Lion_feeding,lion,P9071875.JPG,1.457,0,True,True,False,Protected quality allocation,0.04859117791056633,-0.005144277587532997,0.012257766909897327
Buffelsdrift,02_Lion_feeding,lion,P9071933.JPG,1.455,16,True,True,False,Protected quality allocation,0.038418661803007126,-0.01824299991130829,0.013896510004997253
Buffelsdrift,02_Lion_feeding,lion,P9071878.JPG,1.451,0,True,True,False,Protected quality allocation,0.03319191560149193,-0.01479027047753334,0.021040787920355797
Buffelsdrift,02_Lion_feeding,lion,P9071926.JPG,1.413,13,True,True,False,Protected quality allocation,0.03560168296098709,-0.016519946977496147,0.013648588210344315
Buffelsdrift,02_Lion_feeding,lion,P9071901.JPG,1.407,6,True,True,False,Protected quality allocation,0.03702981770038605,-0.004263756796717644,0.016037069261074066
Buffelsdrift,02_Lion_feeding,lion,P9072088.JPG,1.399,41,True,True,False,Protected quality allocation,0.030102036893367767,0.01333712786436081,0.013374822214245796
Buffelsdrift,02_Lion_feeding,lion,P9071962.JPG,1.392,22,True,True,True,Protected quality allocation,0.035273902118206024,-0.01294373907148838,0.011121787130832672
Buffelsdrift,02_Lion_feeding,lion,P9071912.JPG,1.391,8,True,True,False,Protected quality allocation,0.03686608374118805,-0.0011659283190965652,0.01865706779062748
Buffelsdrift,02_Lion_feeding,lion,P9071880.JPG,1.389,0,True,True,False,Protected quality allocation,0.024946730583906174,-0.014921418391168118,0.019917432218790054
Buffelsdrift,02_Lion_feeding,lion,P9071885.JPG,1.379,3,True,True,False,Protected quality allocation,0.030001584440469742,-0.004356801509857178,0.017970271408557892
Buffelsdrift,02_Lion_feeding,lion,P9072034.JPG,1.378,31,True,True,False,Protected quality allocation,0.02604973316192627,-0.0029091238975524902,0.011094456538558006
Buffelsdrift,02_Lion_feeding,lion,P9071961.JPG,1.358,22,True,True,False,Protected quality allocation,0.034045301377773285,-0.02080998569726944,0.015834446996450424
Buffelsdrift,02_Lion_feeding,lion,P9071960.JPG,1.353,22,True,True,False,Protected quality allocation,0.03189440071582794,-0.019593464210629463,0.014367625117301941
Buffelsdrift,02_Lion_feeding,lion,P9071876.JPG,1.352,0,True,True,False,Protected quality allocation,0.055653851479291916,-0.0008887965232133865,0.01007047388702631
Buffelsdrift,02_Lion_feeding,lion,P9072106.JPG,1.347,41,False,True,False,Protected quality allocation,0.03372253105044365,0.009827369824051857,0.011565165594220161
Buffelsdrift,02_Lion_feeding,lion,P9071943.JPG,1.347,18,True,True,False,Protected quality allocation,0.0290459543466568,-0.019716434180736542,0.007328917272388935
Buffelsdrift,02_Lion_feeding,lion,P9071924.JPG,1.339,13,True,True,False,Protected quality allocation,0.01900114119052887,-0.016393762081861496,0.008543812669813633
Buffelsdrift,02_Lion_feeding,lion,P9072109.JPG,1.337,41,True,True,False,Protected quality allocation,0.03499656543135643,0.012016700580716133,0.011704503558576107
Buffelsdrift,02_Lion_feeding,lion,P9072104.JPG,1.336,41,True,True,False,Protected quality allocation,0.036745861172676086,0.013810059055685997,0.013268470764160156
Buffelsdrift,02_Lion_feeding,lion,P9072084.JPG,1.306,41,True,True,False,Protected quality allocation,0.030559290200471878,0.020473938435316086,0.010687455534934998
Buffelsdrift,02_Lion_feeding,lion,P9072044.JPG,1.271,35,True,True,False,Quality and visual coverage,0.020090805366635323,0.008487130515277386,0.014399709179997444
Buffelsdrift,02_Lion_feeding,lion,P9072045.JPG,1.266,35,True,True,False,Burst alternative: expression,0.026277685537934303,0.014317465014755726,0.0023430651053786278
Buffelsdrift,02_Lion_feeding,lion,P9071972.JPG,1.261,23,True,True,False,Burst representative,0.04336249828338623,0.0015201866626739502,0.017158357426524162
Buffelsdrift,02_Lion_feeding,lion,P9072105.JPG,1.255,41,False,False,False,,0.03470607474446297,0.010392555966973305,0.01147663313895464
Buffelsdrift,02_Lion_feeding,lion,P9071899.JPG,1.236,6,True,True,False,Quality and visual coverage,0.030790846794843674,-0.008487878367304802,0.015427116304636002
Buffelsdrift,02_Lion_feeding,lion,P9072063.JPG,1.236,37,True,True,True,Burst representative,0.017494911327958107,0.016440773382782936,0.012758801691234112
Buffelsdrift,02_Lion_feeding,lion,P9071944.JPG,1.233,18,True,True,False,Quality and visual coverage,0.020006727427244186,-0.02283157967031002,0.007130950223654509
Buffelsdrift,02_Lion_feeding,lion,P9072049.JPG,1.233,35,True,True,False,Quality and visual coverage,0.012077698484063148,0.01592862978577614,0.01081993617117405
Buffelsdrift,02_Lion_feeding,lion,P9072096.JPG,1.227,41,False,False,False,,0.033003658056259155,0.008908435702323914,0.014298247173428535
Buffelsdrift,02_Lion_feeding,lion,P9072000.JPG,1.211,28,True,True,True,Burst representative,0.023164430633187294,0.005011240020394325,0.005971238948404789
Buffelsdrift,02_Lion_feeding,lion,P9072094.JPG,1.205,41,False,False,False,,0.036357976496219635,0.01479422114789486,0.013362832367420197
Buffelsdrift,02_Lion_feeding,lion,P9072108.JPG,1.203,41,False,False,False,,0.036990489810705185,0.012533094733953476,0.01108231209218502
Buffelsdrift,02_Lion_feeding,lion,P9072113.JPG,1.202,42,True,True,True,Scene representative,0.031751371920108795,-0.007416673004627228,0.011461415328085423
Buffelsdrift,02_Lion_feeding,lion,P9072001.JPG,1.153,28,False,False,False,,0.02382805570960045,0.005030334927141666,0.00791260041296482
Buffelsdrift,02_Lion_feeding,lion,P9072042.JPG,1.149,35,True,True,False,Quality and visual coverage,0.01465249340981245,0.01225078385323286,0.011150525882840157
Buffelsdrift,02_Lion_feeding,lion,P9072103.JPG,1.146,41,False,False,False,,0.03637363389134407,0.013035083189606667,0.01401229202747345
Buffelsdrift,02_Lion_feeding,lion,P9072093.JPG,1.143,41,False,False,False,,0.034180257469415665,0.014842025935649872,0.01123543456196785
Buffelsdrift,02_Lion_feeding,lion,P9072046.JPG,1.141,35,True,True,False,Quality and visual coverage,0.01847784034907818,0.015142172574996948,0.007660610601305962
Buffelsdrift,02_Lion_feeding,lion,P9071900.JPG,1.14,6,False,False,False,,0.03472807630896568,-0.00629228912293911,0.017381053417921066
Buffelsdrift,02_Lion_feeding,lion,P9071973.JPG,1.135,23,False,True,False,Burst quality alternative,0.04039118066430092,-0.0010117068886756897,0.017383117228746414
Buffelsdrift,02_Lion_feeding,lion,P9072154.JPG,1.134,47,True,True,False,Burst representative,0.022769711911678314,-0.006574591621756554,0.006606069393455982
Buffelsdrift,02_Lion_feeding,lion,P9072089.JPG,1.107,41,True,False,False,,0.031330108642578125,0.013435604982078075,0.01074566226452589
Buffelsdrift,02_Lion_feeding,lion,P9072117.JPG,1.104,42,True,False,False,,0.031292229890823364,-0.004008590243756771,0.013152606785297394
Buffelsdrift,02_Lion_feeding,lion,P9072097.JPG,1.1,41,True,False,False,,0.033072613179683685,0.010530062019824982,0.013715595006942749
Buffelsdrift,02_Lion_feeding,lion,P9072012.JPG,1.092,29,True,True,False,Burst representative,0.026417620480060577,0.019951924681663513,0.007633579429239035
Buffelsdrift,02_Lion_feeding,lion,P9071898.JPG,1.076,6,False,False,False,,0.03252635896205902,-0.007398191839456558,0.01707536354660988
Buffelsdrift,02_Lion_feeding,lion,P9072102.JPG,1.065,41,True,False,False,,0.034091707319021225,0.014724276959896088,0.014970432035624981
Buffelsdrift,02_Lion_feeding,lion,P9071967.JPG,1.054,23,True,False,False,,0.02900061197578907,0.005377184599637985,0.01633075624704361
Buffelsdrift,02_Lion_feeding,lion,P9071877.JPG,1.041,0,True,True,False,Moment representative,0.031462378799915314,-0.008906476199626923,0.016942445188760757
Buffelsdrift,02_Lion_feeding,lion,P9072090.JPG,1.034,41,False,True,False,Quality and visual coverage,0.030933473259210587,0.010661501437425613,0.01158558763563633
Buffelsdrift,02_Lion_feeding,lion,P9072051.JPG,1.034,36,True,True,False,Burst representative,0.013626433908939362,0.023855984210968018,-0.0002241469919681549
Buffelsdrift,02_Lion_feeding,lion,P9072067.JPG,1.034,37,True,True,False,Burst pose alternative,0.02315908670425415,0.017085371538996696,0.0074973623268306255
Buffelsdrift,02_Lion_feeding,lion,P9072098.JPG,1.031,41,False,False,False,,0.036610763520002365,0.013255177065730095,0.011827051639556885
Buffelsdrift,02_Lion_feeding,lion,P9071882.JPG,1.028,1,True,True,False,Burst representative,0.02938218042254448,-0.015431825071573257,0.021175632253289223
Buffelsdrift,02_Lion_feeding,lion,P9072013.JPG,1.027,29,True,True,False,Burst quality alternative,0.022168327122926712,0.022406022995710373,0.004036975093185902
Buffelsdrift,02_Lion_feeding,lion,P9071888.JPG,1.024,4,True,True,False,Burst pose alternative,0.027316970750689507,-0.013639132492244244,0.014664309099316597
Buffelsdrift,02_Lion_feeding,lion,P9071975.JPG,1.018,23,False,False,False,,0.038047175854444504,0.0013100262731313705,0.015093265101313591
Buffelsdrift,02_Lion_feeding,lion,P9072092.JPG,1.014,41,False,False,False,,0.03284221887588501,0.011453228071331978,0.009426229633390903
Buffelsdrift,02_Lion_feeding,lion,P9071969.JPG,1.013,23,True,True,False,Burst alternative: interaction,0.03225783258676529,0.01293246727436781,0.006973723880946636
Buffelsdrift,02_Lion_feeding,lion,P9071999.JPG,0.994,28,False,False,False,,0.025344664230942726,0.002806386910378933,0.005589957814663649
Buffelsdrift,02_Lion_feeding,lion,P9071976.JPG,0.993,23,True,False,False,,0.03849948197603226,0.005274765193462372,0.015180438756942749
Buffelsdrift,02_Lion_feeding,lion,P9071974.JPG,0.988,23,False,False,False,,0.04273407533764839,0.001885887235403061,0.014949445612728596
Buffelsdrift,02_Lion_feeding,lion,P9072111.JPG,0.981,41,True,False,False,,0.029851999133825302,0.01027972437441349,0.014636076986789703
Buffelsdrift,02_Lion_feeding,lion,P9072112.JPG,0.974,42,True,False,False,,0.03297385573387146,-0.0056765200570225716,0.010768409818410873
Buffelsdrift,02_Lion_feeding,lion,P9072116.JPG,0.965,42,False,False,False,,0.03223905339837074,-0.007155165076255798,0.010546774603426456
Buffelsdrift,02_Lion_feeding,lion,P9071965.JPG,0.964,23,True,False,False,,0.03368312120437622,-0.001269761472940445,0.014058872126042843
Buffelsdrift,02_Lion_feeding,lion,P9071968.JPG,0.963,23,True,True,False,Quality and visual coverage,0.030847055837512016,0.00614171102643013,0.01686606928706169
Buffelsdrift,02_Lion_feeding,lion,P9072060.JPG,0.96,37,True,True,False,Quality and visual coverage,0.02127932943403721,0.017041239887475967,0.01320081390440464
Buffelsdrift,02_Lion_feeding,lion,P9072115.JPG,0.958,42,True,True,False,Burst alternative: interaction,0.029600782319903374,-0.0024277502670884132,0.010441720485687256
Buffelsdrift,02_Lion_feeding,lion,P9071963.JPG,0.951,23,True,True,False,Burst alternative: gesture,0.030746597796678543,-0.0011991672217845917,0.017781291157007217
Buffelsdrift,02_Lion_feeding,lion,P9071966.JPG,0.938,23,False,False,False,,0.039467841386795044,0.005499847233295441,0.015242875553667545
Buffelsdrift,02_Lion_feeding,lion,P9071910.JPG,0.936,7,True,True,False,Burst representative,0.03590400516986847,-0.01194884441792965,-0.0006399638950824738
Buffelsdrift,02_Lion_feeding,lion,P9072015.JPG,0.93,29,True,True,True,Burst alternative: gesture,0.02111726626753807,0.021147746592760086,0.017458833754062653
Buffelsdrift,02_Lion_feeding,lion,P9072083.JPG,0.919,41,False,False,False,,0.029819540679454803,0.014167812652885914,0.011702404357492924
Buffelsdrift,02_Lion_feeding,lion,P9071971.JPG,0.913,23,True,False,False,,0.029695887118577957,0.0010494701564311981,0.01492389291524887
Buffelsdrift,02_Lion_feeding,lion,P9071881.JPG,0.879,1,True,True,False,Quality and visual coverage,0.03147625923156738,-0.010075224563479424,0.023746024817228317
Buffelsdrift,02_Lion_feeding,lion,P9072152.JPG,0.874,47,True,True,False,Quality and visual coverage,0.02703305520117283,-0.009894595481455326,0.009190233424305916
Buffelsdrift,02_Lion_feeding,lion,P9072158.JPG,0.869,48,True,True,False,Burst representative,0.01605428010225296,0.01920265331864357,0.016987435519695282
Buffelsdrift,02_Lion_feeding,lion,P9072041.JPG,0.866,35,True,True,False,Quality and visual coverage,0.01774417608976364,0.013896530494093895,0.008868532255291939
Buffelsdrift,02_Lion_feeding,lion,P9072130.JPG,0.865,46,True,True,False,Burst representative,0.015780091285705566,0.010531553998589516,0.002119077369570732
Buffelsdrift,02_Lion_feeding,lion,P9071951.JPG,0.864,20,True,True,False,Burst representative,0.01168751623481512,0.011548417620360851,0.00906510092318058
Buffelsdrift,02_Lion_feeding,lion,P9072061.JPG,0.858,37,True,False,False,,0.02114141173660755,0.018621066585183144,0.011548062786459923
Buffelsdrift,02_Lion_feeding,lion,P9072099.JPG,0.85,41,False,False,False,,0.03637060895562172,0.014011546969413757,0.016116198152303696
Buffelsdrift,02_Lion_feeding,lion,P9071909.JPG,0.844,7,False,True,False,Burst alternative: interaction,0.03429466485977173,-0.00956621766090393,-0.0009446465410292149
Buffelsdrift,02_Lion_feeding,lion,P9072072.JPG,0.828,39,True,True,False,Burst representative,0.011206479743123055,0.019013598561286926,-0.0003581168130040169
Buffelsdrift,02_Lion_feeding,lion,P9071978.JPG,0.822,23,False,False,False,,0.03613466024398804,0.005213536322116852,0.014289998449385166
Buffelsdrift,02_Lion_feeding,lion,P9072050.JPG,0.817,36,False,False,False,,0.009505055844783783,0.019642435014247894,0.0020544114522635937
Buffelsdrift,02_Lion_feeding,lion,P9072037.JPG,0.805,32,True,True,False,Burst representative,0.011075334623456001,0.013011235743761063,0.0028478826861828566
Buffelsdrift,02_Lion_feeding,lion,P9072057.JPG,0.803,36,True,False,False,,0.026275666430592537,0.03625035285949707,0.008097108453512192
Buffelsdrift,02_Lion_feeding,lion,P9071908.JPG,0.79,7,False,False,False,,0.03566821292042732,-0.01626599393785,0.00021022744476795197
Buffelsdrift,02_Lion_feeding,lion,P9072048.JPG,0.787,35,True,True,False,Burst pose alternative,0.017359280958771706,0.006158299744129181,0.007932199165225029
Buffelsdrift,02_Lion_feeding,lion,P9071964.JPG,0.781,23,False,False,False,,0.027606450021266937,-0.005672711879014969,0.015293030999600887
Buffelsdrift,02_Lion_feeding,lion,P9071938.JPG,0.78,17,True,True,False,Burst representative,0.037839412689208984,-0.009387275204062462,0.005822999402880669
Buffelsdrift,02_Lion_feeding,lion,P9072016.JPG,0.78,29,True,True,False,Burst quality alternative,0.021079381927847862,0.024853896349668503,0.017167598009109497
Buffelsdrift,02_Lion_feeding,lion,P9072091.JPG,0.774,41,False,False,False,,0.03072919137775898,0.010127026587724686,0.014214897528290749
Buffelsdrift,02_Lion_feeding,lion,P9072153.JPG,0.773,47,False,False,False,,0.023172777146100998,-0.011802226305007935,0.008929872885346413
Buffelsdrift,02_Lion_feeding,lion,P9071936.JPG,0.763,17,True,False,False,,0.030295059084892273,-0.011918280273675919,0.003481759224087
Buffelsdrift,02_Lion_feeding,lion,P9071903.JPG,0.762,6,True,True,False,Burst alternative: interaction,0.03230114281177521,-0.003364991396665573,0.01712874509394169
Buffelsdrift,02_Lion_feeding,lion,P9072157.JPG,0.761,48,False,False,False,,0.017444541677832603,0.021298659965395927,0.015115713700652122
Buffelsdrift,02_Lion_feeding,lion,P9071894.JPG,0.76,4,True,False,False,,0.025722689926624298,-0.007514230906963348,0.01551517192274332
Buffelsdrift,02_Lion_feeding,lion,P9071970.JPG,0.751,23,False,True,False,Burst pose alternative,0.03287337347865105,-0.0017712786793708801,0.015774086117744446
Buffelsdrift,02_Lion_feeding,lion,P9072053.JPG,0.739,36,False,False,False,,0.00795222632586956,0.017080068588256836,-0.0019210288301110268
Buffelsdrift,02_Lion_feeding,lion,P9072009.JPG,0.731,29,True,True,False,Moment representative,0.017398249357938766,0.01453645434230566,0.015898138284683228
Buffelsdrift,02_Lion_feeding,lion,P9072039.JPG,0.727,34,True,True,False,Burst representative,0.022221639752388,0.002510683611035347,0.01144205592572689
Buffelsdrift,02_Lion_feeding,lion,P9071929.JPG,0.723,14,True,True,False,Moment representative,0.037550341337919235,-0.0004976987838745117,0.00513607170432806
Buffelsdrift,02_Lion_feeding,lion,P9072014.JPG,0.719,29,True,True,False,Moment representative,0.023315049707889557,0.023478347808122635,0.015684641897678375
Buffelsdrift,02_Lion_feeding,lion,P9072011.JPG,0.718,29,True,True,False,Moment representative,0.021729564294219017,0.015772677958011627,0.010223215445876122
Buffelsdrift,02_Lion_feeding,lion,P9071979.JPG,0.711,23,False,False,False,,0.033646583557128906,0.00629444420337677,0.016503125429153442
Buffelsdrift,02_Lion_feeding,lion,P9072010.JPG,0.709,29,True,True,False,Moment representative,0.020942412316799164,0.014172213152050972,0.01245400682091713
Buffelsdrift,02_Lion_feeding,lion,P9072101.JPG,0.7,41,False,False,False,,0.03654888644814491,0.011294392868876457,0.015177507884800434
Buffelsdrift,02_Lion_feeding,lion,P9072100.JPG,0.676,41,False,False,False,,0.03567790985107422,0.009730570018291473,0.014209961518645287
Buffelsdrift,02_Lion_feeding,lion,P9071893.JPG,0.675,4,True,False,False,,0.027953244745731354,0.0016190558671951294,0.013999488204717636
Buffelsdrift,02_Lion_feeding,lion,P9071950.JPG,0.673,20,True,True,False,Burst alternative: gesture,0.007032763212919235,0.008851902559399605,0.014140637591481209
Buffelsdrift,02_Lion_feeding,lion,P9072168.JPG,0.671,51,False,False,False,,-0.008247806690633297,-0.01341372448951006,0.007166403811424971
Buffelsdrift,02_Lion_feeding,lion,P9071904.JPG,0.664,7,False,False,False,,0.03669919818639755,-0.013684822246432304,-0.0002224016934633255
Buffelsdrift,02_Lion_feeding,lion,P9071889.JPG,0.646,4,False,False,False,,0.025721680372953415,-0.015631310641765594,0.0126412408426404
Buffelsdrift,02_Lion_feeding,lion,P9072040.JPG,0.638,34,False,False,False,,0.017935238778591156,-0.003627840429544449,0.009900195524096489
Buffelsdrift,02_Lion_feeding,lion,P9072054.JPG,0.631,36,False,False,False,,0.010087737813591957,0.022997217252850533,0.00029471516609191895
Buffelsdrift,02_Lion_feeding,lion,P9072114.JPG,0.628,42,False,False,False,,0.02732802741229534,-0.004430036060512066,0.009982977993786335
Buffelsdrift,02_Lion_feeding,lion,P9071994.JPG,0.623,26,True,True,False,Burst representative,0.012287458404898643,0.029056960716843605,0.004928559064865112
Buffelsdrift,02_Lion_feeding,lion,P9071992.JPG,0.62,26,True,True,False,Burst alternative: gesture,0.012309548445045948,0.027820294722914696,0.010261166840791702
Buffelsdrift,02_Lion_feeding,lion,P9071892.JPG,0.612,4,False,True,False,Burst alternative: expression,0.029589273035526276,-0.007785944268107414,0.017493825405836105
Buffelsdrift,02_Lion_feeding,lion,P9072071.JPG,0.608,39,False,False,False,,0.010663126595318317,0.019545458257198334,2.3463508114218712e-05
Buffelsdrift,02_Lion_feeding,lion,P9071907.JPG,0.606,7,False,False,False,,0.033122580498456955,-0.018204208463430405,0.0005517341196537018
Buffelsdrift,02_Lion_feeding,lion,P9071918.JPG,0.604,11,True,True,False,Burst representative,0.03440043702721596,-0.011308394372463226,0.003838619450107217
Buffelsdrift,02_Lion_feeding,lion,P9072159.JPG,0.604,48,True,True,False,Burst alternative: expression,0.020924001932144165,0.009672611020505428,0.009962880983948708
Buffelsdrift,02_Lion_feeding,lion,P9071906.JPG,0.603,7,False,False,False,,0.03712785989046097,-0.013826296664774418,0.0018739867955446243
Buffelsdrift,02_Lion_feeding,lion,P9071939.JPG,0.6,17,False,False,False,,0.03571907430887222,-0.007384744472801685,0.006421830505132675
Buffelsdrift,02_Lion_feeding,lion,P9072052.JPG,0.573,36,False,False,False,,0.01469416543841362,0.016582023352384567,0.0006560529582202435
Buffelsdrift,02_Lion_feeding,lion,P9072066.JPG,0.571,37,False,False,False,,0.015495860017836094,0.017962386831641197,0.004022893030196428
Buffelsdrift,02_Lion_feeding,lion,P9071905.JPG,0.569,7,False,False,False,,0.03692406415939331,-0.015196986496448517,0.003142082132399082
Buffelsdrift,02_Lion_feeding,lion,P9072070.JPG,0.568,39,False,False,False,,0.012457547709345818,0.02048255130648613,0.0017623880412429571
Buffelsdrift,02_Lion_feeding,lion,P9071937.JPG,0.559,17,False,False,False,,0.03181276470422745,-0.011051123961806297,0.0035221953876316547
Buffelsdrift,02_Lion_feeding,lion,P9072138.JPG,0.557,46,True,True,False,Burst pose alternative,0.010272331535816193,0.0050650909543037415,0.008494026958942413
Buffelsdrift,02_Lion_feeding,lion,P9072056.JPG,0.543,36,False,True,False,Burst alternative: interaction,0.014483390375971794,0.04334308207035065,-0.006301329005509615
Buffelsdrift,02_Lion_feeding,lion,P9071993.JPG,0.537,26,False,False,False,,0.01457715779542923,0.025482039898633957,0.004783231299370527
Buffelsdrift,02_Lion_feeding,lion,P9071897.JPG,0.53,5,True,True,False,Moment representative,0.021509259939193726,-0.021929636597633362,0.004305687267333269
Buffelsdrift,02_Lion_feeding,lion,P9071913.JPG,0.526,9,False,True,False,Burst representative,0.0335388220846653,-0.016008663922548294,0.0035921300295740366
Buffelsdrift,02_Lion_feeding,lion,P9071977.JPG,0.523,23,False,False,False,,0.03299812600016594,0.0006071180105209351,0.01557498425245285
Buffelsdrift,02_Lion_feeding,lion,P9072065.JPG,0.52,37,True,False,False,,0.011067360639572144,0.012638299725949764,0.005318274721503258
Buffelsdrift,02_Lion_feeding,lion,P9072124.JPG,0.5,44,True,True,False,Burst representative,0.029658623039722443,-0.016558220610022545,0.009249983355402946
Buffelsdrift,02_Lion_feeding,lion,P9072062.JPG,0.488,37,False,False,False,,0.016602730378508568,0.015467275865375996,0.010236289352178574
Buffelsdrift,02_Lion_feeding,lion,P9072150.JPG,0.481,46,True,True,False,Burst quality alternative,0.01879054494202137,0.01989864744246006,0.009524628520011902
Buffelsdrift,02_Lion_feeding,lion,P9071891.JPG,0.481,4,False,False,False,,0.020291410386562347,-0.010574531741440296,0.01309138908982277
Buffelsdrift,02_Lion_feeding,lion,P9072131.JPG,0.472,46,False,False,False,,0.010695341974496841,0.015413595363497734,0.006201159209012985
Buffelsdrift,02_Lion_feeding,lion,P9072122.JPG,0.467,43,True,True,False,Moment representative,0.027265436947345734,0.004861257039010525,0.009283991530537605
Buffelsdrift,02_Lion_feeding,lion,P9072136.JPG,0.465,46,False,False,False,,0.012537235394120216,0.004565693438053131,0.006107224151492119
Buffelsdrift,02_Lion_feeding,lion,P9072123.JPG,0.46,44,False,True,False,Burst alternative: interaction,0.028343049809336662,-0.008121360093355179,0.007097554858773947
Buffelsdrift,02_Lion_feeding,lion,P9072143.JPG,0.454,46,False,True,False,Burst alternative: expression,0.028641946613788605,0.02108895778656006,0.014483069069683552
Buffelsdrift,02_Lion_feeding,lion,P9072144.JPG,0.442,46,False,False,False,,0.01394166424870491,0.018463315442204475,0.014517984353005886
Buffelsdrift,02_Lion_feeding,lion,P9072139.JPG,0.436,46,False,False,False,,0.011832923628389835,0.005304573103785515,0.006892712786793709
Buffelsdrift,02_Lion_feeding,lion,P9072134.JPG,0.432,46,False,False,False,,0.016496993601322174,0.007564355619251728,0.009666869416832924
Buffelsdrift,02_Lion_feeding,lion,P9071995.JPG,0.431,26,True,True,False,Moment representative,0.011085987091064453,0.025391127914190292,0.0020517788361757994
Buffelsdrift,02_Lion_feeding,lion,P9072133.JPG,0.43,46,False,False,False,,0.016140690073370934,0.0041487133130431175,0.00959372241050005
Buffelsdrift,02_Lion_feeding,lion,P9072058.JPG,0.425,37,True,True,False,Moment representative,0.024141302332282066,0.020214546471834183,0.007392277009785175
Buffelsdrift,02_Lion_feeding,lion,P9072141.JPG,0.417,46,False,False,False,,0.006847769021987915,0.005757283419370651,0.008026985451579094
Buffelsdrift,02_Lion_feeding,lion,P9071895.JPG,0.416,4,False,False,False,,0.023334471508860588,-0.011873613111674786,0.014340968802571297
Buffelsdrift,02_Lion_feeding,lion,P9072151.JPG,0.415,46,False,False,False,,0.026469578966498375,0.027501298114657402,0.009114621207118034
Buffelsdrift,02_Lion_feeding,lion,P9071981.JPG,0.413,23,False,False,False,,0.03657381981611252,0.0016248561441898346,0.010379157960414886
Buffelsdrift,02_Lion_feeding,lion,P9072169.JPG,0.408,52,True,True,False,Moment representative,0.0010335640981793404,-0.012559614144265652,0.0020518535748124123
Buffelsdrift,02_Lion_feeding,lion,P9072167.JPG,0.408,51,True,True,True,Independent focus nomination,-0.009569771587848663,-0.008512601256370544,0.005822622217237949
Buffelsdrift,02_Lion_feeding,lion,P9072145.JPG,0.393,46,False,False,False,,0.01331998873502016,0.021851323544979095,0.013335030525922775
Buffelsdrift,02_Lion_feeding,lion,P9072135.JPG,0.375,46,False,True,False,Burst pose alternative,0.018576730042696,0.005866880528628826,0.009918512776494026
Buffelsdrift,02_Lion_feeding,lion,P9071890.JPG,0.363,4,False,False,False,,0.020088154822587967,-0.010943787172436714,0.013438334688544273
Buffelsdrift,02_Lion_feeding,lion,P9072147.JPG,0.353,46,False,True,False,Burst alternative: gesture,0.015590645372867584,0.010726886801421642,0.017479971051216125
Buffelsdrift,02_Lion_feeding,lion,P9071980.JPG,0.351,23,False,False,False,,0.032196804881095886,0.004041270352900028,0.009949641302227974
Buffelsdrift,02_Lion_feeding,lion,P9071990.JPG,0.347,26,True,True,False,Moment representative,0.0028744530864059925,0.01895928755402565,0.005045687314122915
Buffelsdrift,02_Lion_feeding,lion,P9071916.JPG,0.343,10,False,True,False,Burst representative,0.02622067555785179,-0.022248482331633568,0.002619975246489048
Buffelsdrift,02_Lion_feeding,lion,P9071914.JPG,0.339,9,False,False,False,,0.034225475043058395,-0.018746083602309227,0.0035582499112933874
Buffelsdrift,02_Lion_feeding,lion,P9072064.JPG,0.338,37,False,False,False,,0.015789855271577835,0.01735370233654976,0.008857914246618748
Buffelsdrift,02_Lion_feeding,lion,P9071915.JPG,0.335,10,True,False,False,,0.02456885576248169,-0.02427072636783123,0.004068611655384302
Buffelsdrift,02_Lion_feeding,lion,P9072162.JPG,0.317,48,True,True,False,Moment representative,0.011014703661203384,0.007396094501018524,0.01324489712715149
Buffelsdrift,02_Lion_feeding,lion,P9072118.JPG,0.316,42,False,False,False,,0.02614521235227585,-0.0060791634023189545,0.008087242022156715
Buffelsdrift,02_Lion_feeding,lion,P9072126.JPG,0.314,44,False,False,False,,0.02894146554172039,-0.012600716203451157,0.010340657085180283
Buffelsdrift,02_Lion_feeding,lion,P9072020.JPG,0.308,29,True,True,False,Moment representative,0.0069420188665390015,0.006298515945672989,0.0035577216185629368
Buffelsdrift,02_Lion_feeding,lion,P9072019.JPG,0.303,29,True,True,False,Moment representative,0.002216482535004616,0.005263307597488165,-0.0017280825413763523
Buffelsdrift,02_Lion_feeding,lion,P9071917.JPG,0.297,11,False,False,False,,0.030412834137678146,-0.012014329433441162,0.0005171028897166252
Buffelsdrift,02_Lion_feeding,lion,P9072142.JPG,0.293,46,False,False,False,,0.01669834554195404,0.021793324500322342,0.012993637472391129
Buffelsdrift,02_Lion_feeding,lion,P9072160.JPG,0.282,48,False,False,False,,0.0207597054541111,0.016330162063241005,0.0027562398463487625
Buffelsdrift,02_Lion_feeding,lion,P9072148.JPG,0.278,46,False,False,False,,0.010730691254138947,0.014320935122668743,0.01610257849097252
Buffelsdrift,02_Lion_feeding,lion,P9071902.JPG,0.27,6,False,False,False,,0.029225178062915802,-0.006706554442644119,0.015434613451361656
Buffelsdrift,02_Lion_feeding,lion,P9071896.JPG,0.256,4,False,False,False,,0.024308495223522186,-0.014309749007225037,0.015492113307118416
Buffelsdrift,02_Lion_feeding,lion,P9072127.JPG,0.254,44,False,False,False,,0.02964176796376705,-0.012085523456335068,0.00920686312019825
Buffelsdrift,02_Lion_feeding,lion,P9072125.JPG,0.23,44,False,False,False,,0.03004554659128189,-0.016482094302773476,0.00965271145105362
Buffelsdrift,02_Lion_feeding,lion,P9072156.JPG,0.221,48,True,False,False,,0.007330020889639854,0.016001421958208084,0.022309143096208572
Buffelsdrift,02_Lion_feeding,lion,P9072140.JPG,0.218,46,False,False,False,,0.009922867640852928,0.008576367981731892,0.005637390539050102
Buffelsdrift,02_Lion_feeding,lion,P9072132.JPG,0.215,46,False,False,False,,0.021108638495206833,0.01371139194816351,0.013170107267796993
Buffelsdrift,02_Lion_feeding,lion,P9072137.JPG,0.21,46,False,False,False,,0.009902235120534897,0.006034925580024719,0.009520170278847218
Buffelsdrift,02_Lion_feeding,lion,P9072128.JPG,0.21,44,False,False,False,,0.029986228793859482,-0.01691511645913124,0.011154131963849068
Buffelsdrift,02_Lion_feeding,lion,P9072076.JPG,0.192,39,True,False,False,,0.01028831023722887,0.029053695499897003,0.003998442552983761
Buffelsdrift,02_Lion_feeding,lion,P9072155.JPG,0.186,48,False,False,False,,0.005813708528876305,0.00562756322324276,0.019867127761244774
Buffelsdrift,02_Lion_feeding,lion,P9072068.JPG,0.176,37,True,True,False,Burst alternative: interaction,0.009686846286058426,0.02847234532237053,0.0019269883632659912
Buffelsdrift,02_Lion_feeding,lion,P9072149.JPG,0.168,46,False,False,False,,0.010650930926203728,0.005115509033203125,0.01435389369726181
Buffelsdrift,02_Lion_feeding,lion,P9072146.JPG,0.166,46,False,False,False,,0.016977638006210327,0.016515344381332397,0.015063331462442875
Buffelsdrift,02_Lion_feeding,lion,P9072119.JPG,0.151,42,False,False,False,,0.0294847059994936,-0.011150376871228218,0.010808264836668968
Buffelsdrift,02_Lion_feeding,lion,P9072055.JPG,0.149,36,False,False,False,,0.013138663955032825,0.03897788003087044,-0.0038413109723478556
Buffelsdrift,02_Lion_feeding,lion,P9071996.JPG,0.128,26,False,False,False,,0.007573145441710949,0.02536046877503395,-0.009685477241873741
Buffelsdrift,02_Lion_feeding,lion,P9072033.JPG,0.123,30,True,True,False,Burst representative,0.0263197161257267,-0.023471571505069733,0.004097249824553728
Buffelsdrift,02_Lion_feeding,lion,P9072078.JPG,0.121,39,False,True,False,Burst alternative: interaction,0.008156039752066135,0.03826041519641876,0.006792793981730938
Buffelsdrift,02_Lion_feeding,lion,P9072018.JPG,0.117,29,True,False,False,,0.02580813691020012,0.014413385652005672,0.006100412458181381
Buffelsdrift,02_Lion_feeding,lion,P9072161.JPG,0.103,48,False,False,False,,0.011333705857396126,0.011800488457083702,0.014838837087154388
Buffelsdrift,02_Lion_feeding,lion,P9072031.JPG,0.1,30,False,False,False,,0.025116749107837677,-0.025072457268834114,0.005702471360564232
Buffelsdrift,02_Lion_feeding,lion,P9072079.JPG,0.095,39,False,False,False,,0.007185816299170256,0.0371469147503376,0.007452420890331268
Buffelsdrift,02_Lion_feeding,lion,P9072075.JPG,0.091,39,False,False,False,,0.007029001601040363,0.028777126222848892,0.00616544671356678
Buffelsdrift,02_Lion_feeding,lion,P9071989.JPG,0.086,25,True,True,False,Burst representative,0.023486437276005745,0.013754702173173428,0.010297421365976334
Buffelsdrift,02_Lion_feeding,lion,P9071991.JPG,0.082,26,False,False,False,,0.0014664912596344948,0.022466666996479034,0.0063661085441708565
Buffelsdrift,02_Lion_feeding,lion,P9072030.JPG,0.061,30,False,False,False,,0.026319783180952072,-0.01997220143675804,0.005571460351347923
Buffelsdrift,02_Lion_feeding,lion,P9072165.JPG,0.061,49,True,True,False,Burst representative,0.024990398436784744,0.016767598688602448,0.011921760626137257
Buffelsdrift,02_Lion_feeding,lion,P9072082.JPG,0.035,40,True,True,False,Burst representative,0.018514055758714676,-0.00026198849081993103,0.007136001717299223
Buffelsdrift,02_Lion_feeding,lion,P9072032.JPG,0.009,30,False,False,False,,0.02501704730093479,-0.026687171310186386,0.007115584332495928
Buffelsdrift,02_Lion_feeding,lion,P9072074.JPG,-0.031,39,False,True,False,Burst pose alternative,0.008429814130067825,0.035326920449733734,0.01129851769655943
Buffelsdrift,02_Lion_feeding,lion,P9072073.JPG,-0.04,39,False,False,False,,0.004847513046115637,0.033220767974853516,0.0032193127553910017
Buffelsdrift,02_Lion_feeding,lion,P9072017.JPG,-0.05,29,False,True,False,Burst pose alternative,0.02700921520590782,0.02213663049042225,0.009857133962213993
Buffelsdrift,02_Lion_feeding,lion,P9072077.JPG,-0.052,39,False,False,False,,0.0040193237364292145,0.025578591972589493,0.002414069604128599
Buffelsdrift,02_Lion_feeding,lion,P9072081.JPG,-0.093,40,False,False,False,,0.02183281071484089,0.0025062747299671173,0.0069096824154257774
Buffelsdrift,02_Lion_feeding,lion,P9072008.JPG,-0.105,29,False,False,False,,0.01599067822098732,0.002019631676375866,0.014601889997720718
Buffelsdrift,02_Lion_feeding,lion,P9072024.JPG,-0.119,29,True,False,False,,0.004522554110735655,0.008733943104743958,0.00284385378472507
Buffelsdrift,02_Lion_feeding,lion,P9072121.JPG,-0.141,42,False,True,False,Burst pose alternative,0.02693783864378929,-0.012547485530376434,0.01377712469547987
Buffelsdrift,02_Lion_feeding,lion,P9072164.JPG,-0.189,49,False,False,False,,0.02541619911789894,0.011778486892580986,0.01130370981991291
Buffelsdrift,02_Lion_feeding,lion,P9072025.JPG,-0.201,29,False,False,False,,-0.005007215775549412,-0.009229634888470173,0.0004563331604003906
Buffelsdrift,02_Lion_feeding,lion,P9072080.JPG,-0.227,39,False,False,False,,0.0026243296451866627,0.0342903807759285,0.007048154715448618
Buffelsdrift,02_Lion_feeding,lion,P9072129.JPG,-0.235,45,False,False,False,,0.026667283847928047,-0.016698891296982765,0.00013938359916210175
Buffelsdrift,02_Lion_feeding,lion,P9072120.JPG,-0.245,42,False,False,False,,0.033766161650419235,-0.011330859735608101,0.005308882333338261
Buffelsdrift,02_Lion_feeding,lion,P9072163.JPG,-0.247,49,False,False,False,,0.024056755006313324,0.007071426138281822,0.014963004738092422
Buffelsdrift,02_Lion_feeding,lion,P9072028.JPG,-0.371,29,True,False,False,,-0.02136089839041233,-0.005866602063179016,0.00337109062820673
Buffelsdrift,02_Lion_feeding,lion,P9072023.JPG,-0.383,29,False,False,False,,0.014265460893511772,0.014901931397616863,0.00894900318235159
Buffelsdrift,02_Lion_feeding,lion,P9071997.JPG,-0.389,27,False,True,False,Burst representative,0.015940874814987183,0.0327407643198967,0.0016744215972721577
Buffelsdrift,02_Lion_feeding,lion,P9071949.JPG,-0.4,20,False,False,False,,0.012800808995962143,0.008281514048576355,0.012735147960484028
Buffelsdrift,02_Lion_feeding,lion,P9071998.JPG,-0.407,27,False,False,False,,0.019800737500190735,0.03144228830933571,0.0052376436069607735
Buffelsdrift,02_Lion_feeding,lion,P9072059.JPG,-0.423,37,False,False,False,,0.0211191363632679,0.015084618702530861,0.00957539863884449
Buffelsdrift,02_Lion_feeding,lion,P9072029.JPG,-0.436,29,False,True,False,Burst pose alternative,-0.0219867043197155,-0.013760724104940891,-0.002473697066307068
Buffelsdrift,02_Lion_feeding,lion,P9071988.JPG,-0.501,25,False,False,False,,0.01585189625620842,0.006472215987741947,0.013202298432588577
Buffelsdrift,02_Lion_feeding,lion,P9072005.JPG,-0.528,29,False,False,False,,0.001206238754093647,0.0014738384634256363,0.00576399452984333
Buffelsdrift,02_Lion_feeding,lion,P9072003.JPG,-0.54,29,False,False,False,,0.016133757308125496,0.006337028928101063,0.003591707907617092
Buffelsdrift,02_Lion_feeding,lion,P9072007.JPG,-0.547,29,False,False,False,,0.004847754258662462,0.005532247945666313,0.006381717044860125
Buffelsdrift,02_Lion_feeding,lion,P9072004.JPG,-0.556,29,False,False,False,,0.01504704263061285,0.018544521182775497,0.005981764756143093
Buffelsdrift,02_Lion_feeding,lion,P9072166.JPG,-0.558,50,False,False,False,,0.027601875364780426,-0.009942482225596905,0.0007783109322190285
Buffelsdrift,02_Lion_feeding,lion,P9072022.JPG,-0.562,29,False,False,False,,0.017262695357203484,0.020780757069587708,0.014713299460709095
Buffelsdrift,02_Lion_feeding,lion,P9072047.JPG,-0.619,35,False,False,False,,0.021990526467561722,0.01674569956958294,0.00545478705316782
Buffelsdrift,02_Lion_feeding,lion,P9072002.JPG,-0.636,29,False,False,False,,0.019184928387403488,0.007865475490689278,0.00687046255916357
Buffelsdrift,02_Lion_feeding,lion,P9072035.JPG,-0.67,32,False,False,False,,0.008678360842168331,0.014509221538901329,-0.001607710961252451
Buffelsdrift,02_Lion_feeding,lion,P9072021.JPG,-0.698,29,False,True,False,Burst alternative: interaction,0.027435870841145515,0.026072565466165543,0.015295375138521194
Buffelsdrift,02_Lion_feeding,lion,P9071947.JPG,-0.736,20,True,True,False,Exploration: visual novelty or signal uncertainty,-0.010428424924612045,-0.012132901698350906,0.0026892772875726223
Buffelsdrift,02_Lion_feeding,lion,P9071948.JPG,-0.756,20,False,False,False,,-0.00042475201189517975,-0.007056740112602711,0.00805353932082653
Buffelsdrift,02_Lion_feeding,lion,P9072006.JPG,-0.758,29,False,False,False,,0.00308938417583704,-0.0010904697701334953,0.004985013976693153
Buffelsdrift,02_Lion_feeding,lion,P9072036.JPG,-0.839,32,False,False,False,,0.00903144758194685,0.017696987837553024,-0.0009299397934228182
Buffelsdrift,02_Lion_feeding,lion,P9072027.JPG,-0.841,29,False,False,False,,-0.014057110995054245,-0.00668763741850853,0.0023345467634499073
Buffelsdrift,02_Lion_feeding,lion,P9072026.JPG,-0.842,29,False,False,False,,-0.005482961423695087,-0.0030364077538251877,0.005120090674608946
Buffelsdrift,02_Lion_feeding,lion,P9072069.JPG,-0.925,38,False,True,False,Exploration: visual novelty or signal uncertainty,-0.0029992912895977497,0.0038090203888714314,0.007654368877410889
Buffelsdrift,02_Lion_feeding,lion,P9071946.JPG,-0.944,19,False,False,False,,-0.00364597886800766,0.013419710099697113,-0.004277470987290144
Buffelsdrift,02_Lion_feeding,lion,P9071985.JPG,-1.051,24,False,True,False,Burst representative,-0.00791576225310564,-0.011908217333257198,-0.0011351779103279114
Buffelsdrift,02_Lion_feeding,lion,P9071987.JPG,-1.466,24,False,True,False,Burst alternative: expression,0.01152624562382698,-0.006896238308399916,-0.004091667011380196
Buffelsdrift,02_Lion_feeding,lion,P9071982.JPG,-1.524,23,False,False,False,,0.014105460606515408,0.003818056546151638,0.014054276049137115
Buffelsdrift,02_Lion_feeding,lion,P9071986.JPG,-1.616,24,False,False,False,,-0.00036114640533924103,-0.02024606615304947,-0.0014997622929513454
Buffelsdrift,02_Lion_feeding,lion,P9071984.JPG,-1.617,24,True,False,False,,-0.007283137179911137,-0.011845369823276997,0.004327314905822277
Buffelsdrift,02_Lion_feeding,lion,P9071983.JPG,-1.751,24,False,False,False,,-0.014566951431334019,-0.0115630142390728,-0.007834022864699364
Buffelsdrift,02_Lion_feeding,lion,P9072038.JPG,-3.491,33,False,False,False,,-0.009231092408299446,0.015871288254857063,0.00793715100735426
Buffelsdrift,02_Lion_feeding,wildebeest,P9071945.JPG,0.0,53,True,True,False,All distinct frames fit,-0.01078065112233162,-0.02321663871407509,0.005206439644098282
Buffelsdrift,03_Elephant_experience,elephant,_9072393.JPG,2.834,10,True,True,False,Scene representative,0.008791584521532059,-0.007032227236777544,0.0006927166832610965
Buffelsdrift,03_Elephant_experience,elephant,_9072326.JPG,1.57,4,True,True,False,Scene representative,-0.004777891561388969,-0.01935180462896824,-0.0046300748363137245
Buffelsdrift,03_Elephant_experience,elephant,P9072232.JPG,1.487,1,True,True,True,Scene representative,0.01656472124159336,0.002949712797999382,0.0019172905012965202
Buffelsdrift,03_Elephant_experience,elephant,_9072416.JPG,1.236,12,True,True,False,Exploration: visual novelty or signal uncertainty,0.007504402194172144,-0.0020557052921503782,-0.008852708153426647
Buffelsdrift,03_Elephant_experience,elephant,_9072383.JPG,1.231,9,True,True,False,Burst representative,0.006260338239371777,0.007533475756645203,-0.005129324737936258
Buffelsdrift,03_Elephant_experience,elephant,_9072323.JPG,1.105,3,True,True,False,Independent focus nomination,-0.014560080133378506,-0.025625156238675117,-0.008851706981658936
Buffelsdrift,03_Elephant_experience,elephant,_9072404.JPG,0.993,11,True,True,False,Moment representative,0.0028709289617836475,-0.005709564778953791,-0.010563245974481106
Buffelsdrift,03_Elephant_experience,elephant,_9072508.JPG,0.857,18,True,True,False,Scene representative,-0.021335003897547722,-0.016464518383145332,-0.005054217763245106
Buffelsdrift,03_Elephant_experience,elephant,_9072437.JPG,0.658,13,True,False,False,,0.003265462815761566,-0.014886992983520031,-0.007461973931640387
Buffelsdrift,03_Elephant_experience,elephant,P9072230.JPG,0.614,1,False,True,False,Burst alternative: expression,0.023454340174794197,0.010381579399108887,0.0018509672954678535
Buffelsdrift,03_Elephant_experience,elephant,P9072231.JPG,0.61,1,False,True,False,Burst pose alternative,0.016117887571454048,0.012289924547076225,0.0035028806887567043
Buffelsdrift,03_Elephant_experience,elephant,_9072338.JPG,0.589,5,True,False,True,,0.01857111230492592,-0.00665094843134284,0.0009062453173100948
Buffelsdrift,03_Elephant_experience,elephant,P9072227.JPG,0.55,0,False,True,False,Burst representative,0.0053168353624641895,-0.012448914349079132,-0.0077860308811068535
Buffelsdrift,03_Elephant_experience,elephant,_9072502.JPG,0.538,17,False,False,False,,0.008747371844947338,-0.010370118543505669,-0.009311678819358349
Buffelsdrift,03_Elephant_experience,elephant,_9072379.JPG,0.537,9,True,False,True,,0.004929724149405956,0.01039874367415905,-0.002799157053232193
Buffelsdrift,03_Elephant_experience,elephant,P9072233.JPG,0.451,1,False,False,False,,0.018832914531230927,-0.002498915418982506,0.0002944755833595991
Buffelsdrift,03_Elephant_experience,elephant,_9072444.JPG,0.334,15,True,False,True,,0.007568505126982927,-0.007580458652228117,-0.012881716713309288
Buffelsdrift,03_Elephant_experience,elephant,_9072287.JPG,0.264,2,True,True,False,Scene representative,0.01001016329973936,-0.008174380287528038,-0.014749090187251568
Buffelsdrift,03_Elephant_experience,elephant,P9072229.JPG,0.2,1,True,False,False,,0.02053799293935299,0.013993119820952415,0.002288718707859516
Buffelsdrift,03_Elephant_experience,elephant,_9072440.JPG,0.103,14,False,False,False,,0.016807561740279198,-0.0027625677175819874,0.00048776459880173206
Buffelsdrift,03_Elephant_experience,elephant,P9072228.JPG,0.075,0,False,False,False,,-0.004141857847571373,-0.020435675978660583,-0.008016246370971203
Buffelsdrift,03_Elephant_experience,elephant,_9072341.JPG,0.065,7,False,False,False,,-0.0010709064081311226,-0.021453071385622025,-0.011064677499234676
Buffelsdrift,03_Elephant_experience,elephant,_9072347.JPG,-0.047,8,False,False,False,,-0.0041387053206563,-0.014027544297277927,-0.009018258191645145
Buffelsdrift,03_Elephant_experience,elephant,_9072339.JPG,-0.144,6,False,False,False,,-0.001427279319614172,-0.02229783870279789,-0.011258672922849655
Buffelsdrift,03_Elephant_experience,elephant,_9072514.JPG,-0.719,19,True,True,True,Exploration: visual novelty or signal uncertainty,0.004868350923061371,-0.010942014865577221,0.003707681782543659
Buffelsdrift,03_Elephant_experience,elephant,_9072495.JPG,-1.262,16,False,True,False,Burst representative,-0.004478597082197666,-0.020604364573955536,-0.010986502282321453
Buffelsdrift,03_Elephant_experience,elephant,_9072493.JPG,-1.37,16,False,True,False,Burst alternative: gesture,0.003835282288491726,-0.01615479588508606,-0.008380408398807049
Buffelsdrift,03_Elephant_experience,elephant,_9072491.JPG,-1.953,16,False,False,False,,-0.022027242928743362,-0.03126060590147972,-0.015458927489817142
Buffelsdrift,03_Elephant_experience,flower,_9072516.JPG,0.606,20,True,True,True,All distinct frames fit,-0.0007077110931277275,-0.022671252489089966,-0.007423496339470148
Buffelsdrift,03_Elephant_experience,hippopotamus,_9072489.JPG,0.0,21,True,True,True,All distinct frames fit,0.012669669464230537,0.015552397817373276,-0.008627616800367832
Buffelsdrift,03_Elephant_experience,people,_9072276.JPG,2.238,30,True,True,True,Scene representative,0.027901628986001015,0.011885438114404678,0.010875703766942024
Buffelsdrift,03_Elephant_experience,people,_9072475.JPG,2.187,42,True,True,True,Scene representative,0.025035211816430092,0.02404063567519188,0.008070893585681915
Buffelsdrift,03_Elephant_experience,people,_9072366.JPG,1.985,36,True,True,True,Scene representative,0.026851836591959,0.03506120666861534,0.008876360952854156
Buffelsdrift,03_Elephant_experience,people,_9072372.JPG,1.727,37,True,True,False,Protected quality allocation,0.021839652210474014,0.010040330700576305,0.005278555676341057
Buffelsdrift,03_Elephant_experience,people,P9072218.JPG,1.609,23,True,True,False,Scene representative,0.021606972441077232,0.007977962493896484,0.003400081768631935
Buffelsdrift,03_Elephant_experience,people,_9072397.JPG,1.519,38,True,True,False,Moment representative,-0.0013687703758478165,0.030998852103948593,0.011170725338160992
Buffelsdrift,03_Elephant_experience,people,_9072467.JPG,1.455,41,True,True,False,Burst representative,0.026905156672000885,0.015708686783909798,0.004124716855585575
Buffelsdrift,03_Elephant_experience,people,P9072220.JPG,1.323,23,False,True,False,Burst quality alternative,0.023309754207730293,0.016566714271903038,0.00465474184602499
Buffelsdrift,03_Elephant_experience,people,_9072279.JPG,1.308,30,True,False,False,,0.023230422288179398,0.00989287905395031,0.006889617070555687
Buffelsdrift,03_Elephant_experience,people,P9072211.JPG,1.28,23,False,True,False,Burst quality alternative,0.019779693335294724,0.011453144252300262,-0.0017393063753843307
Buffelsdrift,03_Elephant_experience,people,P9072221.JPG,1.28,23,True,False,False,,0.025956984609365463,0.020684117451310158,0.008545354008674622
Buffelsdrift,03_Elephant_experience,people,_9072329.JPG,1.237,34,True,True,False,Scene representative,0.009731044061481953,0.032395604997873306,0.008002476766705513
Buffelsdrift,03_Elephant_experience,people,P9072192.JPG,1.211,22,True,True,False,Burst representative,0.014258498325943947,0.0040255822241306305,0.013248763047158718
Buffelsdrift,03_Elephant_experience,people,P9072208.JPG,1.16,23,True,False,False,,0.014507139101624489,0.02449231594800949,0.006872290279716253
Buffelsdrift,03_Elephant_experience,people,_9072351.JPG,1.126,35,False,True,False,Burst representative,0.01960655301809311,0.011938944458961487,0.00016932259313762188
Buffelsdrift,03_Elephant_experience,people,_9072478.JPG,1.114,42,True,True,False,Burst alternative: expression,0.032336071133613586,0.016707586124539375,0.011052650399506092
Buffelsdrift,03_Elephant_experience,people,P9072215.JPG,1.103,23,False,False,False,,0.01969626359641552,0.015801522880792618,0.0026454702019691467
Buffelsdrift,03_Elephant_experience,people,P9072219.JPG,1.082,23,True,True,False,Quality and visual coverage,0.01701391488313675,0.015009872615337372,0.0039663915522396564
Buffelsdrift,03_Elephant_experience,people,P9072207.JPG,1.064,23,False,False,False,,0.016778796911239624,0.026560533791780472,0.01127226185053587
Buffelsdrift,03_Elephant_experience,people,P9072209.JPG,0.996,23,True,False,False,,0.022855613380670547,0.014817146584391594,0.0005923702847212553
Buffelsdrift,03_Elephant_experience,people,P9072195.JPG,0.994,22,True,True,True,Burst quality alternative,0.0051584746688604355,0.0034432755783200264,0.0033797710202634335
Buffelsdrift,03_Elephant_experience,people,_9072300.JPG,0.916,32,True,True,False,Scene representative,0.009739173576235771,0.01873008906841278,0.00445669237524271
Buffelsdrift,03_Elephant_experience,people,_9072473.JPG,0.895,42,False,False,False,,0.03070198744535446,0.019330039620399475,0.01145391259342432
Buffelsdrift,03_Elephant_experience,people,P9072217.JPG,0.877,23,False,False,False,,0.022541558369994164,0.011983728036284447,0.003978352062404156
Buffelsdrift,03_Elephant_experience,people,_9072299.JPG,0.859,32,False,False,False,,0.007628807332366705,0.017831051722168922,0.0024432060308754444
Buffelsdrift,03_Elephant_experience,people,P9072213.JPG,0.847,23,False,False,False,,0.01941818743944168,0.015088416635990143,0.00026203098241239786
Buffelsdrift,03_Elephant_experience,people,P9072216.JPG,0.843,23,False,False,False,,0.01999061182141304,0.013121740892529488,0.0030358918011188507
Buffelsdrift,03_Elephant_experience,people,P9072214.JPG,0.836,23,False,False,False,,0.0188409686088562,0.015002179890871048,0.0004635864170268178
Buffelsdrift,03_Elephant_experience,people,_9072361.JPG,0.822,35,False,False,False,,0.027819493785500526,0.024148784577846527,0.0036730749998241663
Buffelsdrift,03_Elephant_experience,people,P9072212.JPG,0.797,23,False,False,False,,0.018275782465934753,0.01746426708996296,0.000242688343860209
Buffelsdrift,03_Elephant_experience,people,P9072222.JPG,0.792,23,False,False,False,,0.021987497806549072,0.011704113334417343,0.007561000529676676
Buffelsdrift,03_Elephant_experience,people,P9072206.JPG,0.75,23,True,True,False,Independent editorial nomination,0.017909584566950798,0.025665564462542534,0.012574613094329834
Buffelsdrift,03_Elephant_experience,people,_9072420.JPG,0.678,39,True,True,False,Moment representative,0.024826407432556152,0.027362488210201263,0.009056356735527515
Buffelsdrift,03_Elephant_experience,people,P9072210.JPG,0.645,23,True,True,False,Independent composition nomination,0.02062944322824478,0.012001028284430504,0.0012557769659906626
Buffelsdrift,03_Elephant_experience,people,_9072267.JPG,0.613,29,True,True,True,Scene representative,0.021167948842048645,0.018510684370994568,0.00505081145092845
Buffelsdrift,03_Elephant_experience,people,P9072223.JPG,0.593,23,False,True,False,Burst alternative: expression,0.027218786999583244,0.008121510967612267,0.007585770916193724
Buffelsdrift,03_Elephant_experience,people,P9072193.JPG,0.568,22,False,False,False,,0.01375336479395628,0.00270097516477108,0.01060950942337513
Buffelsdrift,03_Elephant_experience,people,_9072464.JPG,0.559,41,False,False,False,,0.028735198080539703,0.029050752520561218,0.008891553618013859
Buffelsdrift,03_Elephant_experience,people,_9072247.JPG,0.501,25,True,True,True,Scene representative,0.020475398749113083,0.02862612158060074,-0.005258148070424795
Buffelsdrift,03_Elephant_experience,people,_9072245.JPG,0.431,25,True,True,False,Moment representative,0.01836290769279003,0.02274579182267189,-0.004148130305111408
Buffelsdrift,03_Elephant_experience,people,_9072376.JPG,0.367,37,False,False,False,,0.023084884509444237,0.017778990790247917,0.006741341203451157
Buffelsdrift,03_Elephant_experience,people,_9072482.JPG,0.351,42,False,False,False,,0.02745119296014309,0.02145855501294136,0.0021390714682638645
Buffelsdrift,03_Elephant_experience,people,P9072202.JPG,0.338,22,True,False,False,,0.0005005765706300735,0.00012281350791454315,0.004569937940686941
Buffelsdrift,03_Elephant_experience,people,P9072199.JPG,0.324,22,True,False,False,,-0.00162027170881629,-0.0023797545582056046,0.007211909629404545
Buffelsdrift,03_Elephant_experience,people,P9072198.JPG,0.218,22,False,False,False,,-0.0008664336055517197,0.0009215585887432098,0.008407579734921455
Buffelsdrift,03_Elephant_experience,people,P9072224.JPG,0.208,23,True,True,False,Burst pose alternative,0.021229740232229233,0.023759160190820694,0.010048295371234417
Buffelsdrift,03_Elephant_experience,people,P9072197.JPG,0.202,22,False,False,False,,2.996157854795456e-05,-0.012439845129847527,0.0010565235279500484
Buffelsdrift,03_Elephant_experience,people,P9072204.JPG,0.192,22,False,False,False,,0.007757474668323994,-0.0034226328134536743,0.0076654525473713875
Buffelsdrift,03_Elephant_experience,people,_9072266.JPG,0.096,28,True,True,False,Scene representative,0.004125069826841354,0.017190219834446907,-6.186403334140778e-05
Buffelsdrift,03_Elephant_experience,people,_9072307.JPG,0.071,33,True,True,False,Scene representative,0.009303591214120388,0.01543793547898531,-0.0013565984554588795
Buffelsdrift,03_Elephant_experience,people,P9072200.JPG,0.02,22,False,False,False,,-0.001207397785037756,-0.000883961096405983,0.0068913353607058525
Buffelsdrift,03_Elephant_experience,people,P9072201.JPG,-0.032,22,False,True,False,Burst alternative: interaction,-0.0008504134602844715,0.005901511758565903,0.003627066034823656
Buffelsdrift,03_Elephant_experience,people,_9072431.JPG,-0.063,40,True,True,False,Moment representative,0.01522806752473116,0.005844183266162872,0.0005635451525449753
Buffelsdrift,03_Elephant_experience,people,P9072225.JPG,-0.092,23,False,False,False,,0.01573820784687996,0.009181996807456017,0.012550655752420425
Buffelsdrift,03_Elephant_experience,people,P9072194.JPG,-0.117,22,True,True,False,Burst pose alternative,0.012993511743843555,-0.004057670012116432,0.005949600134044886
Buffelsdrift,03_Elephant_experience,people,P9072196.JPG,-0.169,22,False,False,False,,0.0034840302541851997,-0.012074843049049377,0.0012325504794716835
Buffelsdrift,03_Elephant_experience,people,_9072240.JPG,-0.174,24,True,True,False,Burst representative,0.011707665398716927,0.005987918004393578,-0.0022507719695568085
Buffelsdrift,03_Elephant_experience,people,_9072236.JPG,-0.282,24,False,False,False,,0.010505390353500843,0.012279427610337734,0.0052738431841135025
Buffelsdrift,03_Elephant_experience,people,P9072226.JPG,-0.301,23,False,False,False,,0.019854523241519928,0.012238018214702606,0.012711828574538231
Buffelsdrift,03_Elephant_experience,people,P9072203.JPG,-0.333,22,False,False,False,,0.0050004953518509865,0.0033074934035539627,0.0061464011669158936
Buffelsdrift,03_Elephant_experience,people,_9072235.JPG,-0.567,24,False,False,False,,0.010973199270665646,0.010391785763204098,0.002889394760131836
Buffelsdrift,03_Elephant_experience,people,_9072293.JPG,-0.705,31,True,True,False,Exploration: visual novelty or signal uncertainty,-0.002396371215581894,0.00897353608161211,-0.005318722687661648
Buffelsdrift,03_Elephant_experience,people,_9072258.JPG,-0.823,27,True,True,False,Burst representative,0.012815353460609913,0.01780667155981064,-0.0006961124017834663
Buffelsdrift,03_Elephant_experience,people,P9072205.JPG,-0.871,22,False,False,False,,-0.001837240532040596,-0.0018025562167167664,0.002963168313726783
Buffelsdrift,03_Elephant_experience,people,_9072257.JPG,-0.966,27,False,True,False,Exploration: visual novelty or signal uncertainty,0.007678436115384102,0.0133909210562706,-0.005525805987417698
Buffelsdrift,03_Elephant_experience,people,_9072250.JPG,-1.792,26,False,False,False,,0.030627820640802383,0.012108894065022469,0.004211418330669403
Buffelsdrift,03_Elephant_experience,warthog,_9072305.JPG,0.0,43,True,True,False,All distinct frames fit,-0.028042633086442947,-0.03818804398179054,-0.011184761300683022
Buffelsdrift,04_Elephant_walk,elephant,_9072814.JPG,2.687,28,True,True,False,Scene representative,0.009360253810882568,-0.02306380122900009,-0.0027776453644037247
Buffelsdrift,04_Elephant_walk,elephant,_9072607.JPG,2.037,5,True,True,False,Scene representative,0.014286208897829056,-0.02239682525396347,0.008373411372303963
Buffelsdrift,04_Elephant_walk,elephant,_9072595.JPG,1.922,3,True,True,False,Scene representative,0.021634336560964584,-0.011227834969758987,0.0050083487294614315
Buffelsdrift,04_Elephant_walk,elephant,_9072569.JPG,1.533,0,True,True,False,Protected quality allocation,0.007074176333844662,-0.019933942705392838,-0.005967911332845688
Buffelsdrift,04_Elephant_walk,elephant,_9072795.JPG,1.522,26,True,True,True,Protected quality allocation,0.015159590169787407,0.0015756888315081596,0.006619847379624844
Buffelsdrift,04_Elephant_walk,elephant,_9072631.JPG,1.515,9,True,True,False,Scene representative,0.019842837005853653,-0.01777050271630287,0.006172864697873592
Buffelsdrift,04_Elephant_walk,elephant,_9072761.JPG,1.509,23,True,True,True,Protected quality allocation,0.023391272872686386,-0.013408281840384007,0.012663707137107849
Buffelsdrift,04_Elephant_walk,elephant,_9072574.JPG,1.488,1,True,True,False,Protected quality allocation,0.029432274401187897,-0.01653503254055977,0.009462677873671055
Buffelsdrift,04_Elephant_walk,elephant,_9072615.JPG,1.439,6,True,True,False,Scene representative,0.005301416851580143,-0.01798657327890396,-0.003731868229806423
Buffelsdrift,04_Elephant_walk,elephant,_9072627.JPG,1.426,9,True,True,False,Protected quality allocation,0.014386940747499466,-0.013630039989948273,0.013171997852623463
Buffelsdrift,04_Elephant_walk,elephant,_9072738.JPG,1.383,19,True,True,True,Scene representative,0.002788348589092493,-0.014404986053705215,0.0076698195189237595
Buffelsdrift,04_Elephant_walk,elephant,_9072656.JPG,1.345,12,True,True,True,Protected quality allocation,0.020612496882677078,-0.007517586462199688,0.005109613761305809
Buffelsdrift,04_Elephant_walk,elephant,_9072794.JPG,1.316,26,True,True,False,Protected quality allocation,0.015637746080756187,0.0035318145528435707,0.007207437418401241
Buffelsdrift,04_Elephant_walk,elephant,_9072586.JPG,1.262,2,True,True,False,Protected quality allocation,0.017858348786830902,-0.018314901739358902,0.0006849314086139202
Buffelsdrift,04_Elephant_walk,elephant,_9072874.JPG,1.229,33,True,True,False,Protected quality allocation,0.007452614605426788,-0.0008665937930345535,0.004324977286159992
Buffelsdrift,04_Elephant_walk,elephant,_9072644.JPG,1.153,10,True,True,True,Independent editorial nomination,0.027385171502828598,0.003041975200176239,0.009525205008685589
Buffelsdrift,04_Elephant_walk,elephant,_9072817.JPG,1.148,29,True,True,False,Protected quality allocation,0.026828784495592117,-0.017354700714349747,0.006641781888902187
Buffelsdrift,04_Elephant_walk,elephant,_9072666.JPG,1.129,13,True,True,False,Moment representative,0.024025101214647293,-0.008677767589688301,0.006693745497614145
Buffelsdrift,04_Elephant_walk,elephant,_9072759.JPG,1.118,22,True,True,False,Moment representative,0.02045668661594391,-0.014127221889793873,0.012820807285606861
Buffelsdrift,04_Elephant_walk,elephant,_9072731.JPG,1.095,19,True,False,False,,0.005644861608743668,-0.015656856819987297,0.006135648116469383
Buffelsdrift,04_Elephant_walk,elephant,_9072732.JPG,1.066,19,True,False,False,,0.007759753614664078,-0.014545120298862457,0.0042376029305160046
Buffelsdrift,04_Elephant_walk,elephant,_9072734.JPG,1.029,19,False,False,False,,0.004093050956726074,-0.01829025149345398,0.004724719095975161
Buffelsdrift,04_Elephant_walk,elephant,_9072735.JPG,0.969,19,False,False,False,,0.007293895818293095,-0.012866380624473095,0.0037604831159114838
Buffelsdrift,04_Elephant_walk,elephant,_9072733.JPG,0.954,19,False,True,False,Burst pose alternative,0.0052343406714499,-0.01353122666478157,0.0050669703632593155
Buffelsdrift,04_Elephant_walk,elephant,_9072736.JPG,0.946,19,False,False,False,,0.005189589690417051,-0.015705030411481857,0.004410148598253727
Buffelsdrift,04_Elephant_walk,elephant,_9072737.JPG,0.903,19,False,False,False,,0.0054471371695399284,-0.007581195794045925,0.006955693941563368
Buffelsdrift,04_Elephant_walk,elephant,_9072887.JPG,0.848,34,True,True,False,Moment representative,-0.0035302620381116867,-0.01805444434285164,-0.00016756821423768997
Buffelsdrift,04_Elephant_walk,elephant,_9072645.JPG,0.826,10,True,True,False,Burst quality alternative,0.027038143947720528,-0.0032263770699501038,0.007303817197680473
Buffelsdrift,04_Elephant_walk,elephant,_9072635.JPG,0.822,10,True,True,False,Burst pose alternative,0.012601014226675034,-0.0033766552805900574,0.005921201780438423
Buffelsdrift,04_Elephant_walk,elephant,_9072783.JPG,0.818,24,True,True,False,Burst representative,0.02748144418001175,-0.008689239621162415,0.015493000857532024
Buffelsdrift,04_Elephant_walk,elephant,_9072640.JPG,0.813,10,False,False,False,,0.01751847006380558,0.0010057222098112106,0.0021210077684372663
Buffelsdrift,04_Elephant_walk,elephant,_9072641.JPG,0.78,10,True,False,False,,0.014941948466002941,0.00033589452505111694,0.003829479217529297
Buffelsdrift,04_Elephant_walk,elephant,_9072796.JPG,0.776,26,False,False,False,,0.01845986768603325,-0.0024661486968398094,0.0065945349633693695
Buffelsdrift,04_Elephant_walk,elephant,_9072643.JPG,0.769,10,True,False,False,,0.02282017283141613,-0.0001769978553056717,0.0034002671018242836
Buffelsdrift,04_Elephant_walk,elephant,_9072768.JPG,0.763,24,True,True,False,Quality and visual coverage,0.031400199979543686,-0.013849183917045593,0.010422468185424805
Buffelsdrift,04_Elephant_walk,elephant,_9072669.JPG,0.758,14,True,True,False,Moment representative,0.023060522973537445,-0.011521751061081886,0.004018247593194246
Buffelsdrift,04_Elephant_walk,elephant,_9072642.JPG,0.732,10,False,True,False,Burst alternative: interaction,0.02152281627058983,0.005485799163579941,0.0020097168162465096
Buffelsdrift,04_Elephant_walk,elephant,_9072790.JPG,0.701,25,True,True,False,Burst representative,0.01821003668010235,-0.01286285649985075,0.016258355230093002
Buffelsdrift,04_Elephant_walk,elephant,_9072798.JPG,0.665,26,True,False,False,,0.020845001563429832,-0.0009158262982964516,0.012010661885142326
Buffelsdrift,04_Elephant_walk,elephant,_9072723.JPG,0.665,18,True,True,False,Burst representative,0.008965231478214264,-0.0017183776944875717,0.002594545017927885
Buffelsdrift,04_Elephant_walk,elephant,_9072799.JPG,0.64,26,False,False,False,,0.01933133229613304,0.0006313174962997437,0.009573486633598804
Buffelsdrift,04_Elephant_walk,elephant,_9072800.JPG,0.637,26,True,True,False,Burst pose alternative,0.019594257697463036,-0.0007898816838860512,0.009191794320940971
Buffelsdrift,04_Elephant_walk,elephant,_9072730.JPG,0.624,19,False,True,False,Burst alternative: expression,0.009140619076788425,-0.0147405955940485,0.006369420327246189
Buffelsdrift,04_Elephant_walk,elephant,_9072639.JPG,0.62,10,False,False,False,,0.013999711722135544,-0.001960109919309616,0.0027582228649407625
Buffelsdrift,04_Elephant_walk,elephant,_9072713.JPG,0.615,17,True,True,False,Burst representative,0.00666152685880661,-0.009680542163550854,0.003913852386176586
Buffelsdrift,04_Elephant_walk,elephant,_9072801.JPG,0.587,26,False,False,False,,0.021088792011141777,-0.0037551801651716232,0.008110474795103073
Buffelsdrift,04_Elephant_walk,elephant,_9072720.JPG,0.576,18,False,False,False,,0.0015587517991662025,-0.018337897956371307,-0.0014173241797834635
Buffelsdrift,04_Elephant_walk,elephant,_9072818.JPG,0.575,30,True,True,False,Moment representative,0.0069833784364163876,-0.008094546385109425,0.001436169259250164
Buffelsdrift,04_Elephant_walk,elephant,_9072603.JPG,0.566,4,True,True,False,Moment representative,0.022109154611825943,-0.01364942267537117,0.009032472036778927
Buffelsdrift,04_Elephant_walk,elephant,_9072784.JPG,0.544,24,False,False,False,,0.024631863459944725,-0.010120786726474762,0.014561970718204975
Buffelsdrift,04_Elephant_walk,elephant,_9072797.JPG,0.543,26,False,False,False,,0.0186370387673378,-0.004904007539153099,0.010004918090999126
Buffelsdrift,04_Elephant_walk,elephant,_9072725.JPG,0.525,18,False,False,False,,-0.002398326527327299,-0.0172262080013752,-0.0014462736435234547
Buffelsdrift,04_Elephant_walk,elephant,_9072719.JPG,0.509,18,True,True,False,Burst pose alternative,0.0014457618817687035,-0.02203519642353058,-0.0018560716416686773
Buffelsdrift,04_Elephant_walk,elephant,_9072875.JPG,0.508,33,False,False,False,,0.006812750361859798,-0.0007698033004999161,0.004441698081791401
Buffelsdrift,04_Elephant_walk,elephant,_9072649.JPG,0.501,11,True,True,False,Moment representative,0.01757138967514038,-0.00019197911024093628,0.007840685546398163
Buffelsdrift,04_Elephant_walk,elephant,_9072721.JPG,0.465,18,False,False,False,,0.005087329540401697,-0.01574372686445713,-0.0006687401328235865
Buffelsdrift,04_Elephant_walk,elephant,_9072638.JPG,0.426,10,False,False,False,,0.011638252064585686,0.00012464448809623718,0.002830078359693289
Buffelsdrift,04_Elephant_walk,elephant,_9072637.JPG,0.414,10,False,False,False,,0.013908552937209606,-0.001075776293873787,0.005706581752747297
Buffelsdrift,04_Elephant_walk,elephant,_9072803.JPG,0.41,27,True,True,False,Burst representative,0.023239990696310997,0.002681327983736992,0.006596741732209921
Buffelsdrift,04_Elephant_walk,elephant,_9072711.JPG,0.402,17,False,False,False,,0.006776959635317326,-0.003609245643019676,0.008347619324922562
Buffelsdrift,04_Elephant_walk,elephant,_9072710.JPG,0.386,17,False,True,False,Burst alternative: interaction,0.009857511147856712,0.0016486160457134247,0.010772044770419598
Buffelsdrift,04_Elephant_walk,elephant,_9072785.JPG,0.369,25,True,False,False,,0.02053668349981308,-0.006863202899694443,0.015327414497733116
Buffelsdrift,04_Elephant_walk,elephant,_9072718.JPG,0.361,18,False,False,False,,0.00034205708652734756,-0.022036930546164513,-0.0037176499608904123
Buffelsdrift,04_Elephant_walk,elephant,_9072722.JPG,0.328,18,False,True,False,Burst alternative: expression,0.011639637872576714,0.0009335353970527649,0.0032950835302472115
Buffelsdrift,04_Elephant_walk,elephant,_9072712.JPG,0.327,17,False,False,False,,0.008595582097768784,-0.006135628093034029,0.010017437860369682
Buffelsdrift,04_Elephant_walk,elephant,_9072793.JPG,0.315,26,False,False,False,,0.018993429839611053,-0.0005345838144421577,0.011639919131994247
Buffelsdrift,04_Elephant_walk,elephant,_9072758.JPG,0.294,21,True,False,False,,0.01589975506067276,-0.015483844093978405,0.007064288482069969
Buffelsdrift,04_Elephant_walk,elephant,_9072724.JPG,0.255,18,False,False,False,,0.0024625766091048717,-0.01663670502603054,-0.00185619224794209
Buffelsdrift,04_Elephant_walk,elephant,_9072677.JPG,0.219,15,True,True,False,Scene representative,-0.0022282632999122143,-0.01948726177215576,0.0006175125017762184
Buffelsdrift,04_Elephant_walk,elephant,_9072810.JPG,0.18,27,False,True,False,Burst pose alternative,0.022378765046596527,0.0037735896185040474,0.007826445624232292
Buffelsdrift,04_Elephant_walk,elephant,_9072802.JPG,0.18,27,False,False,False,,0.025228114798665047,0.004457632079720497,0.008482598699629307
Buffelsdrift,04_Elephant_walk,elephant,_9072636.JPG,0.164,10,False,False,False,,0.008287402801215649,-0.0027945637702941895,0.007073000073432922
Buffelsdrift,04_Elephant_walk,elephant,_9072877.JPG,0.161,33,False,True,False,Burst alternative: interaction,0.005071096587926149,0.0015061087906360626,0.00537892896682024
Buffelsdrift,04_Elephant_walk,elephant,_9072879.JPG,0.147,33,False,False,False,,0.0027331365272402763,-0.004669059067964554,-0.00014331494458019733
Buffelsdrift,04_Elephant_walk,elephant,_9072846.JPG,0.139,32,True,True,False,Burst representative,0.009041628800332546,-0.003212336450815201,0.002041300293058157
Buffelsdrift,04_Elephant_walk,elephant,_9072618.JPG,0.135,7,True,False,False,,0.019312717020511627,-0.007500620558857918,-0.0019876810256391764
Buffelsdrift,04_Elephant_walk,elephant,_9072804.JPG,0.096,27,False,False,False,,0.02423425205051899,0.002887774258852005,0.007464038673788309
Buffelsdrift,04_Elephant_walk,elephant,_9072914.JPG,0.066,35,True,True,False,Scene representative,0.007120008114725351,-0.02210891619324684,0.0007446696981787682
Buffelsdrift,04_Elephant_walk,elephant,_9072845.JPG,0.033,32,False,False,False,,0.00754185626283288,-0.004582688212394714,0.0012584987562149763
Buffelsdrift,04_Elephant_walk,elephant,_9072933.JPG,0.024,38,True,True,False,Burst representative,0.022516636177897453,-0.00891067087650299,0.0020258985459804535
Buffelsdrift,04_Elephant_walk,elephant,_9072916.JPG,-0.007,35,False,False,False,,0.00811193697154522,-0.021609559655189514,0.0001372392289340496
Buffelsdrift,04_Elephant_walk,elephant,_9072809.JPG,-0.029,27,False,False,False,,0.02191133238375187,0.006821688264608383,0.0069100381806492805
Buffelsdrift,04_Elephant_walk,elephant,_9072844.JPG,-0.053,32,False,False,False,,0.0031372695229947567,-0.00509987398982048,-0.00039492594078183174
Buffelsdrift,04_Elephant_walk,elephant,_9072663.JPG,-0.06,12,True,False,False,,0.029792577028274536,-0.00849180668592453,0.005994482897222042
Buffelsdrift,04_Elephant_walk,elephant,_9072927.JPG,-0.155,37,False,False,False,,0.004485964775085449,-0.03208214417099953,-0.0017623933963477612
Buffelsdrift,04_Elephant_walk,elephant,_9072936.JPG,-0.287,38,False,False,False,,0.013736627995967865,-0.014576568268239498,0.004997155629098415
Buffelsdrift,04_Elephant_walk,elephant,_9072821.JPG,-0.342,31,False,False,False,,-0.00010859686881303787,-0.020372111350297928,-0.0018485807813704014
Buffelsdrift,04_Elephant_walk,elephant,_9072843.JPG,-0.357,32,False,False,False,,0.0012793568894267082,-0.0035647843033075333,0.0020126779563724995
Buffelsdrift,04_Elephant_walk,elephant,_9072829.JPG,-0.38,32,False,False,False,,0.00041953055188059807,-0.017515329644083977,-0.001386977732181549
Buffelsdrift,04_Elephant_walk,elephant,_9072840.JPG,-0.391,32,False,False,False,,0.00205607945099473,-0.002981973811984062,0.00010804692283272743
Buffelsdrift,04_Elephant_walk,elephant,_9072862.JPG,-0.412,32,False,True,False,Burst pose alternative,0.002390689216554165,-0.00788622535765171,0.0025984442327171564
Buffelsdrift,04_Elephant_walk,elephant,_9072679.JPG,-0.467,16,False,False,False,,0.016205813735723495,-0.015466021373867989,-0.0021971678361296654
Buffelsdrift,04_Elephant_walk,elephant,_9072842.JPG,-0.606,32,False,True,False,Burst alternative: interaction,0.004740535747259855,0.0006696321070194244,0.002215923275798559
Buffelsdrift,04_Elephant_walk,elephant,_9072917.JPG,-0.675,36,False,False,False,,0.0010181590914726257,-0.011178692802786827,0.003145084949210286
Buffelsdrift,04_Elephant_walk,elephant,_9072834.JPG,-0.692,32,False,False,False,,0.00778854638338089,-0.008427346125245094,-0.0007871470879763365
Buffelsdrift,04_Elephant_walk,elephant,_9072841.JPG,-0.886,32,True,False,True,,0.0040260315872728825,-0.0009594038128852844,0.00345147168263793
Buffelsdrift,04_Elephant_walk,elephant,_9072827.JPG,-1.21,32,True,True,False,Exploration: visual novelty or signal uncertainty,0.005888456013053656,-0.007784335874021053,0.0029859794303774834
Buffelsdrift,04_Elephant_walk,elephant,_9072623.JPG,-1.79,8,False,True,False,Exploration: visual novelty or signal uncertainty,0.0039885323494672775,-0.01170961745083332,0.002164735458791256
Buffelsdrift,04_Elephant_walk,elephant,_9072747.JPG,-3.136,20,True,True,True,Scene representative,-0.013858770951628685,-0.014164818450808525,0.0029823333024978638
Buffelsdrift,04_Elephant_walk,people,_9072612.JPG,1.426,41,True,True,True,All distinct frames fit,0.026629220694303513,-0.015032202005386353,-0.0017355643212795258
Buffelsdrift,04_Elephant_walk,people,_9072613.JPG,1.382,42,True,True,True,All distinct frames fit,0.001527602318674326,-0.016190849244594574,0.0004134711343795061
Buffelsdrift,04_Elephant_walk,people,_9072580.JPG,1.367,40,True,True,True,All distinct frames fit,0.0246456079185009,0.009065760299563408,0.014471725560724735
Buffelsdrift,04_Elephant_walk,people,_9072748.JPG,0.944,44,True,True,False,All distinct frames fit,0.020821115002036095,-0.017170704901218414,0.004860153421759605
Buffelsdrift,04_Elephant_walk,people,_9072752.JPG,0.632,45,True,True,False,All distinct frames fit,0.014313643798232079,-0.026121685281395912,0.0044253114610910416
Buffelsdrift,04_Elephant_walk,people,_9072674.JPG,0.19,43,True,True,True,All distinct frames fit,-0.0025684242136776447,0.01465743687003851,0.003464426612481475
Buffelsdrift,04_Elephant_walk,people,_9072579.JPG,0.134,39,True,True,False,All distinct frames fit,0.017635293304920197,0.009484147652983665,0.009822499006986618
Buffelsdrift,04_Elephant_walk,people,_9072937.JPG,-1.839,46,True,True,True,All distinct frames fit,0.0055377911776304245,0.0018020444549620152,-0.005221914034336805
Buffelsdrift,05_Between_experiences,cormorant,P9072562.JPG,0.167,0,True,True,True,All distinct frames fit,-0.01881139911711216,-0.015958528965711594,-0.013446932658553123
Buffelsdrift,05_Between_experiences,gemsbok oryx,P9072182.JPG,1.477,2,True,True,False,All distinct frames fit,0.013835027813911438,-0.009027635678648949,-0.00020884571131318808
Buffelsdrift,05_Between_experiences,gemsbok oryx,P9072185.JPG,1.293,2,True,True,False,All distinct frames fit,0.005405653268098831,0.021680431440472603,-0.004639082122594118
Buffelsdrift,05_Between_experiences,gemsbok oryx,P9072186.JPG,1.228,2,True,True,True,All distinct frames fit,0.006011563818901777,0.01714976504445076,-0.004097810015082359
Buffelsdrift,05_Between_experiences,gemsbok oryx,P9072183.JPG,0.503,2,True,True,True,All distinct frames fit,0.014073075726628304,-0.010237578302621841,0.0002719857729971409
Buffelsdrift,05_Between_experiences,gemsbok oryx,P9072180.JPG,0.496,1,True,True,False,All distinct frames fit,0.019096212461590767,-0.019845016300678253,-0.010437370277941227
Buffelsdrift,05_Between_experiences,gemsbok oryx,P9072187.JPG,0.292,2,True,True,False,All distinct frames fit,-0.0017169485799968243,-0.006782195530831814,-0.0038396595045924187
Buffelsdrift,05_Between_experiences,gemsbok oryx,P9072179.JPG,-0.183,1,True,True,True,All distinct frames fit,0.018429405987262726,-0.020674636587500572,-0.009946984238922596
Buffelsdrift,05_Between_experiences,gemsbok oryx,P9072181.JPG,-0.545,2,True,True,False,All distinct frames fit,0.0010065669193863869,0.006113327108323574,0.008103678934276104
Buffelsdrift,05_Between_experiences,gemsbok oryx,P9072184.JPG,-1.667,2,True,True,False,All distinct frames fit,-0.00475291209295392,0.015895742923021317,-0.009242727421224117
Buffelsdrift,05_Between_experiences,insect,P9071874.JPG,0.696,3,True,True,True,All distinct frames fit,0.032706789672374725,-0.018577497452497482,-0.002000694163143635
Buffelsdrift,05_Between_experiences,kudu antelope,_9071246.JPG,0.0,4,True,True,True,All distinct frames fit,-0.01229725033044815,-0.039270028471946716,-0.00839654728770256
Buffelsdrift,05_Between_experiences,lizard,P9072189.JPG,1.439,5,True,True,True,All distinct frames fit,-0.0017343065701425076,-0.018983110785484314,0.011537437327206135
Buffelsdrift,05_Between_experiences,lizard,P9072191.JPG,-0.12,6,True,True,True,All distinct frames fit,-0.015592710115015507,-0.016835836693644524,0.003119261935353279
Buffelsdrift,05_Between_experiences,lizard,P9072190.JPG,-0.721,6,True,True,False,All distinct frames fit,-0.016147643327713013,-0.015438519418239594,0.001439983956515789
Buffelsdrift,05_Between_experiences,meerkat,P9072171.JPG,1.805,7,True,True,True,All distinct frames fit,-0.0047902693040668964,4.2800791561603546e-05,0.007448476739227772
Buffelsdrift,05_Between_experiences,meerkat,P9072170.JPG,1.006,7,True,True,False,All distinct frames fit,-0.005645672790706158,0.0013067875988781452,0.009660236537456512
Buffelsdrift,05_Between_experiences,meerkat,P9072174.JPG,0.123,8,True,True,True,All distinct frames fit,-0.00638171611353755,-0.02931518852710724,-0.00671185739338398
Buffelsdrift,05_Between_experiences,meerkat,P9072172.JPG,-0.776,8,True,True,False,All distinct frames fit,-0.004640727303922176,-0.03215299919247627,-0.005811468232423067
Buffelsdrift,05_Between_experiences,meerkat,P9072173.JPG,-0.806,8,True,True,False,All distinct frames fit,0.003461575135588646,-0.016427407041192055,0.0033714654855430126
Buffelsdrift,05_Between_experiences,night sky,_9072943.JPG,1.3,12,True,True,True,All distinct frames fit,-0.003931430168449879,-0.05293678119778633,-0.00917278416454792
Buffelsdrift,05_Between_experiences,night sky,_9072942.JPG,0.892,11,True,True,False,All distinct frames fit,-0.004117191769182682,-0.05706406012177467,-0.009565083310008049
Buffelsdrift,05_Between_experiences,night sky,_9072978.JPG,0.753,18,True,True,True,All distinct frames fit,-0.01016647182404995,-0.042469222098588943,-0.004972277674823999
Buffelsdrift,05_Between_experiences,night sky,_9072940.JPG,0.511,10,True,True,False,All distinct frames fit,-0.024008644744753838,-0.045554447919130325,-0.019321788102388382
Buffelsdrift,05_Between_experiences,night sky,_9072979.JPG,0.223,19,True,True,False,All distinct frames fit,-0.011848771013319492,-0.04038798063993454,-0.007457091007381678
Buffelsdrift,05_Between_experiences,night sky,_9072953.JPG,-0.078,14,True,True,True,All distinct frames fit,-0.014625441282987595,-0.0546129047870636,-0.011651143431663513
Buffelsdrift,05_Between_experiences,night sky,_9072939.JPG,-0.116,9,True,True,True,All distinct frames fit,-0.026532333344221115,-0.04175988584756851,-0.0239084605127573
Buffelsdrift,05_Between_experiences,night sky,_9072946.JPG,-0.633,13,True,True,True,All distinct frames fit,-0.005377339199185371,-0.04701641574501991,-0.010526246391236782
Buffelsdrift,05_Between_experiences,night sky,_9072955.JPG,-0.924,15,True,True,False,All distinct frames fit,-0.0059934454038739204,-0.05560249090194702,-0.012094875797629356
Buffelsdrift,05_Between_experiences,night sky,_9072971.JPG,-1.831,16,True,True,False,All distinct frames fit,-0.03180159628391266,-0.07407093048095703,-0.016674399375915527
Buffelsdrift,05_Between_experiences,night sky,_9072973.JPG,-2.88,17,True,True,False,All distinct frames fit,-0.02140684798359871,-0.05269456282258034,-0.02330319955945015
Buffelsdrift,05_Between_experiences,people,_9072951.JPG,1.344,25,True,True,False,All distinct frames fit,-0.006356560625135899,-0.03793930634856224,-0.01653986983001232
Buffelsdrift,05_Between_experiences,people,P9072556.JPG,1.298,22,True,True,True,All distinct frames fit,0.0017393724992871284,-0.0198022723197937,-0.0002828361466526985
Buffelsdrift,05_Between_experiences,people,_9072962.JPG,1.152,26,True,True,False,All distinct frames fit,0.008930567651987076,-0.01806722953915596,-0.0020780079066753387
Buffelsdrift,05_Between_experiences,people,_9072950.JPG,0.735,24,True,True,True,All distinct frames fit,0.002151336520910263,-0.03668149933218956,-0.009302888065576553
Buffelsdrift,05_Between_experiences,people,_9072964.JPG,0.723,27,True,True,False,All distinct frames fit,0.008079610764980316,-0.038855500519275665,-0.006294896826148033
Buffelsdrift,05_Between_experiences,people,_9072972.JPG,0.648,28,True,True,True,All distinct frames fit,0.005414200946688652,-0.04590046405792236,-0.020700857043266296
Buffelsdrift,05_Between_experiences,people,P9072564.JPG,0.553,23,True,True,False,All distinct frames fit,0.029236778616905212,0.020371347665786743,-0.00047806091606616974
Buffelsdrift,05_Between_experiences,people,P9072549.JPG,0.541,21,True,True,True,All distinct frames fit,0.043051205575466156,0.015171265229582787,0.015827037394046783
Buffelsdrift,05_Between_experiences,people,P9072555.JPG,0.407,22,True,True,False,All distinct frames fit,0.0087710190564394,-0.020152844488620758,-0.002082446124404669
Buffelsdrift,05_Between_experiences,people,P9072547.JPG,0.294,20,True,True,True,All distinct frames fit,0.049316685646772385,-0.008571593090891838,-0.014000296592712402
Buffelsdrift,05_Between_experiences,people,_9072976.JPG,-0.041,29,True,True,False,All distinct frames fit,-0.00435809139162302,-0.05279668793082237,-0.027758963406085968
Buffelsdrift,05_Between_experiences,people,P9072563.JPG,-0.181,23,True,True,False,All distinct frames fit,0.027667628601193428,0.014641876332461834,-1.2055505067110062e-05
Buffelsdrift,05_Between_experiences,people,P9072548.JPG,-0.278,21,True,True,False,All distinct frames fit,0.04436010494828224,0.01653970777988434,0.01609020121395588
Buffelsdrift,05_Between_experiences,people,P9072546.JPG,-0.517,20,True,True,False,All distinct frames fit,0.0467253215610981,-0.008870773017406464,-0.011897959746420383
Buffelsdrift,05_Between_experiences,safari jeep,P9071248.JPG,-0.373,30,True,True,True,All distinct frames fit,0.00590405473485589,0.005905289202928543,0.0002389485016465187
Buffelsdrift,05_Between_experiences,sunset or sunrise,_9071244.JPG,-0.583,31,True,True,True,All distinct frames fit,-0.05050668865442276,-0.0738430768251419,-0.015332612209022045
Buffelsdrift,05_Between_experiences,warthog,P9072188.JPG,0.0,32,True,True,True,All distinct frames fit,-0.003848687279969454,-0.04591228812932968,-0.00462588295340538
Buffelsdrift,05_Between_experiences,weaver bird,_9072533.JPG,1.97,35,True,True,True,Scene representative,0.026273207738995552,-0.01783328503370285,0.01199269574135542
Buffelsdrift,05_Between_experiences,weaver bird,_9072531.JPG,1.451,35,True,True,False,Independent distinctiveness nomination,0.013674184679985046,-0.013776414096355438,0.0027289935387670994
Buffelsdrift,05_Between_experiences,weaver bird,_9072528.JPG,0.963,34,True,True,True,Burst representative,0.03351160138845444,-0.03224857896566391,0.012082568369805813
Buffelsdrift,05_Between_experiences,weaver bird,_9072523.JPG,0.864,34,False,False,False,,0.032737236469984055,-0.029268981888890266,0.01043776050209999
Buffelsdrift,05_Between_experiences,weaver bird,P9072542.JPG,0.854,37,False,True,False,Burst representative,0.01499931700527668,-0.018542293459177017,0.00953042134642601
Buffelsdrift,05_Between_experiences,weaver bird,P9072544.JPG,0.838,37,True,False,True,,0.028746284544467926,-0.017845598980784416,0.011781778186559677
Buffelsdrift,05_Between_experiences,weaver bird,P9072537.JPG,0.814,36,True,True,False,Burst representative,0.032674629241228104,-0.018857672810554504,0.007812429219484329
Buffelsdrift,05_Between_experiences,weaver bird,_9072518.JPG,0.778,33,True,True,False,Moment representative,0.02510586380958557,-0.023126685991883278,0.006216224282979965
Buffelsdrift,05_Between_experiences,weaver bird,_9072524.JPG,0.703,34,False,True,False,Burst alternative: expression,0.041166841983795166,-0.029200822114944458,0.015749778598546982
Buffelsdrift,05_Between_experiences,weaver bird,P9072554.JPG,0.604,38,True,True,False,Scene representative,-0.0011422596871852875,-0.007409417070448399,0.005411915481090546
Buffelsdrift,05_Between_experiences,weaver bird,P9072558.JPG,0.59,39,True,True,True,Scene representative,0.020468171685934067,-0.02252606488764286,0.016247987747192383
Buffelsdrift,05_Between_experiences,weaver bird,P9072553.JPG,0.578,38,True,True,True,Independent focus nomination,0.015101381577551365,-0.016846835613250732,0.010752178728580475
Buffelsdrift,05_Between_experiences,weaver bird,P9072538.JPG,0.516,36,True,True,False,Burst alternative: interaction,0.019235681742429733,-0.01569884642958641,0.0034949888940900564
Buffelsdrift,05_Between_experiences,weaver bird,P9072541.JPG,0.484,37,False,False,False,,0.008575906977057457,-0.011287098750472069,0.0004081735387444496
Buffelsdrift,05_Between_experiences,weaver bird,P9072543.JPG,0.374,37,False,True,False,Burst alternative: interaction,0.01737624779343605,-0.010858403518795967,0.005907834507524967
Buffelsdrift,05_Between_experiences,weaver bird,P9072539.JPG,0.362,36,True,True,False,Exploration: visual novelty or signal uncertainty,0.010771512985229492,-0.02118169516324997,-0.007762959226965904
Buffelsdrift,05_Between_experiences,weaver bird,P9072540.JPG,0.226,37,True,False,False,,0.013023440726101398,-0.0111429113894701,-0.003083457937464118
Buffelsdrift,05_Between_experiences,weaver bird,P9072560.JPG,0.217,40,True,False,False,,0.0032057464122772217,-0.007884353399276733,0.005882724653929472
Buffelsdrift,05_Between_experiences,weaver bird,P9072559.JPG,0.191,39,False,False,False,,0.023293988779187202,-0.022040437906980515,0.015191758051514626
Buffelsdrift,05_Between_experiences,weaver bird,P9072552.JPG,0.137,38,False,False,False,,0.01428377814590931,-0.019519682973623276,0.008518321439623833
Buffelsdrift,05_Between_experiences,weaver bird,P9072561.JPG,-0.394,41,False,False,False,,0.017534485086798668,-0.023620761930942535,0.014925388619303703
Buffelsdrift,05_Between_experiences,weaver bird,P9072557.JPG,-0.636,39,False,False,False,,0.017713526263833046,-0.02246074564754963,0.016081590205430984
Buffelsdrift,05_Between_experiences,weaver bird,P9072551.JPG,-1.279,38,True,True,False,Exploration: visual novelty or signal uncertainty,0.02548452839255333,-0.011010410264134407,0.009913978166878223
Buffelsdrift,05_Between_experiences,weaver bird,P9072550.JPG,-4.049,38,True,True,False,Independent composition nomination,0.003351602703332901,-0.0157318152487278,0.0027843588031828403
Buffelsdrift,05_Between_experiences,wildebeest,P9072178.JPG,1.932,42,True,True,True,All distinct frames fit,0.006415333598852158,-0.028616471216082573,-0.009418055415153503
Buffelsdrift,05_Between_experiences,wildebeest,P9072177.JPG,0.419,42,True,True,False,All distinct frames fit,-0.008389957249164581,-0.01994507759809494,-0.0002934352960437536
Buffelsdrift,05_Between_experiences,wildebeest,P9072176.JPG,-0.245,42,True,True,False,All distinct frames fit,-0.004206831566989422,-0.018380122259259224,-0.0012041828595101833
Buffelsdrift,05_Between_experiences,wildebeest,P9072175.JPG,-0.62,42,True,True,False,All distinct frames fit,-0.01865391433238983,-0.012943191453814507,0.0029081380926072598
